Time,target_Open,target_High,target_Low,target_Last,target_Change,target_%Chg,target_Volume,RSI
2022-09-16 00:00:00,384.14,386.25,382.11,385.56,-4.56,-0.0117,103084800,45.1903550499097
2022-09-15 00:00:00,392.96,395.96,388.78,390.12,-4.48,-0.0114,87633800,45.1903550499097
2022-09-14 00:00:00,394.47,396.2,391.12,394.6,1.5,+0.38%,85023700,45.1903550499097
2022-09-13 00:00:00,401.83,403.1,391.92,393.1,-17.87,-0.0435,122947000,45.1903550499097
2022-09-12 00:00:00,408.78,411.73,408.46,410.97,4.37,+1.07%,69256200,45.1903550499097
2022-09-09 00:00:00,402.74,407.51,402.46,406.6,6.22,+1.55%,76706900,45.1903550499097
2022-09-08 00:00:00,395.39,400.86,394.12,400.38,2.6,+0.65%,80821600,45.1903550499097
2022-09-07 00:00:00,390.43,398.59,390.2,397.78,7.02,+1.80%,70964200,45.1903550499097
2022-09-06 00:00:00,393.13,394.12,388.42,390.76,-1.48,-0.0038,76637400,45.1903550499097
2022-09-02 00:00:00,400.28,401.555,390.33,392.24,-4.18,-0.0105,99632100,45.1903550499097
2022-09-01 00:00:00,392.89,396.78,390.04,396.42,1.24,+0.31%,78740000,45.1903550499097
2022-08-31 00:00:00,399.93,401.24,395.04,395.18,-3.03,-0.0076,76029600,45.1903550499097
2022-08-30 00:00:00,403.85,404.1,396,398.21,-4.42,-0.011,85652400,45.1903550499097
2022-08-29 00:00:00,402.2,405.84,401.1999,402.63,-2.68,-0.0066,65370800,45.1903550499097
2022-08-26 00:00:00,419.39,419.96,405.25,405.31,-14.2,-0.0338,103086900,65.686764236601
2022-08-25 00:00:00,415.24,419.56,414.09,419.51,5.84,+1.41%,50942200,75.349910910385
2022-08-24 00:00:00,412.11,415.1101,411.39,413.67,1.32,+0.32%,49177800,66.9938598722622
2022-08-23 00:00:00,412.9,415.42,411.77,412.35,-1,-0.0024,49105200,65.2329736927829
2022-08-22 00:00:00,417.05,417.23,412.4,413.35,-8.79,-0.0208,77695600,65.9628680312647
2022-08-19 00:00:00,424.98,425.26,421.22,422.14,-5.75,-0.0134,68016900,71.6057006036218
2022-08-18 00:00:00,426.86,428.61,425.5,427.89,1.24,+0.29%,49023200,74.5750907957881
2022-08-17 00:00:00,425.91,429.5,424.54,426.65,-3.05,-0.0071,63563300,72.8068282497244
2022-08-16 00:00:00,427.73,431.73,426.88,429.7,0.84,+0.20%,59289000,74.4138464548892
2022-08-15 00:00:00,424.77,429.41,424.71,428.86,1.76,+0.41%,54048200,73.1320101377089
2022-08-12 00:00:00,422.03,427.21,421.03,427.1,7.11,+1.69%,61694500,70.3958352695664
2022-08-11 00:00:00,422.99,424.95,419.21,419.99,0,0,59489700,60.5414258836288
2022-08-10 00:00:00,418.78,420.14,416.72,419.99,8.64,+2.10%,68665700,60.5414258836288
2022-08-09 00:00:00,412.22,412.75,410.22,411.35,-1.64,-0.004,44931700,50.565533869186
2022-08-08 00:00:00,415.25,417.62,411.83,412.99,-0.48,-0.0012,54025900,52.1763881511007
2022-08-05 00:00:00,409.66,414.15,409.6,413.47,-0.7,-0.0017,56814900,52.6625859737373
2022-08-04 00:00:00,414.37,415.09,412.44,414.17,-0.28,-0.0007,45656500,53.4065248022289
2022-08-03 00:00:00,410.3,415.68,410,414.45,6.39,+1.57%,67820500,53.7198333803549
2022-08-02 00:00:00,409.12,413,406.82,408.06,-2.71,-0.0066,63435400,46.1010517555843
2022-08-01 00:00:00,409.15,413.41,408.4,410.77,-1.22,-0.003,69997400,49.3799401821216
2022-07-29 00:00:00,407.58,413.03,406.77,411.99,5.92,+1.46%,87003600,50.8301163119431
2022-07-28 00:00:00,401.89,406.8,398.15,406.07,5.03,+1.25%,73966500,44.2113316241285
2022-07-27 00:00:00,394.36,402.88,394.05,401.04,10.15,+2.60%,82342100,39.5044417169763
2022-07-26 00:00:00,393.84,394.06,389.95,390.89,-4.68,-0.0118,52946300,32.0820302087158
2022-07-25 00:00:00,395.75,396.47,393.21,395.57,0.48,+0.12%,53631400,37.8777913899704
2022-07-22 00:00:00,398.92,400.18,392.75,395.09,-3.7,-0.0093,72197300,37.5241067360383
2022-07-21 00:00:00,394.16,398.84,391.63,398.79,4.02,+1.02%,64903800,42.0184530768567
2022-07-20 00:00:00,392.47,396.26,391.03,394.77,2.5,+0.64%,71843700,38.7562927438084
2022-07-19 00:00:00,386.08,392.87,385.39,392.27,10.32,+2.70%,78505900,36.8407479146336
2022-07-18 00:00:00,388.38,389.09,380.66,381.95,-3.18,-0.0083,63203600,30.204205418012
2022-07-15 00:00:00,382.55,385.25,380.54,385.13,7.22,+1.91%,79060300,34.1411533262954
2022-07-14 00:00:00,373.61,379.0498,371.04,377.91,-0.92,-0.0024,89704800,30.0031400237382
2022-07-13 00:00:00,375.1,381.92,374.658,378.83,-2,-0.0053,84224600,31.1482935535185
2022-07-12 00:00:00,383.65,386.16,378.99,380.83,-3.4,-0.0088,62219100,33.6881161091156
2022-07-11 00:00:00,385.85,386.87,383.5,384.23,-4.44,-0.0114,58366900,37.8831158195673
2022-07-08 00:00:00,387.27,390.64,385.66,388.67,-0.32,-0.0008,72397700,42.957977621719
2022-07-07 00:00:00,385.12,389.83,383.267,388.99,5.74,+1.50%,64525900,43.317408962361
2022-07-06 00:00:00,382.11,385.87,379.6,383.25,1.29,+0.34%,70426200,38.6168985720258
2022-07-05 00:00:00,375.88,381.98,372.9,381.96,0.72,+0.19%,81437900,37.6286555677806
2022-07-01 00:00:00,376.56,381.7,373.8,381.24,3.99,+1.06%,74839700,37.0586185587318
2022-06-30 00:00:00,376.24,380.6582,372.56,377.25,-3.09,-0.0081,112508200,33.9859945672553
2022-06-29 00:00:00,381.23,382.27,378.42,380.34,-0.31,-0.0008,65676000,38.2556026730694
2022-06-28 00:00:00,390.23,393.16,380.53,380.65,-7.94,-0.0204,86689800,38.684065529625
2022-06-27 00:00:00,391.05,391.36,387.44,388.59,-1.49,-0.0038,66009600,48.534879333833
2022-06-24 00:00:00,381.4,390.09,381.365,390.08,12.02,+3.18%,98050300,50.1532790831889
2022-06-23 00:00:00,376.64,378.83,372.89,378.06,3.67,+0.98%,79292100,39.3916141315034
2022-06-22 00:00:00,370.62,378.72,370.18,374.39,-0.68,-0.0018,90059400,36.7955148453551
2022-06-21 00:00:00,371.89,376.525,371.81,375.07,9.21,+2.52%,76811800,37.615902188141
2022-06-17 00:00:00,365.51,369.38,362.17,365.86,-0.79,-0.0022,111113900,31.6279595792398
2022-06-16 00:00:00,370.51,370.94,364.0799,366.65,-12.55,-0.0331,134473200,32.6187849743868
2022-06-15 00:00:00,377.36,383.9,372.12,379.2,5.33,+1.43%,125666800,46.0053866740607
2022-06-14 00:00:00,376.85,377.94,370.59,373.87,-1.13,-0.003,104011800,42.1732843706862
2022-06-13 00:00:00,379.85,381.81,373.3,375,-14.8,-0.038,170004800,43.252506912323
2022-06-10 00:00:00,394.88,395.7777,389.75,389.8,-11.64,-0.029,132893800,55.0777900900604
2022-06-09 00:00:00,409.34,411.74,401.44,401.44,-9.78,-0.0238,86289700,61.8170248077625
2022-06-08 00:00:00,413.93,415.82,410.38,411.22,-4.52,-0.0109,64349900,66.3806441811149
2022-06-07 00:00:00,408.1,416.22,407.61,415.74,3.95,+0.96%,59272300,68.2682771976842
2022-06-06 00:00:00,414.78,416.609,410.5523,411.79,1.25,+0.30%,57508800,64.8419593305519
2022-06-03 00:00:00,412.4,414.04,409.51,410.54,-6.85,-0.0164,71874200,63.7515314914679
2022-06-02 00:00:00,409.42,417.44,407.04,417.39,7.8,+1.90%,79609600,67.0241956540821
2022-06-01 00:00:00,415.17,416.24,406.93,409.59,-3.34,-0.0081,86585800,60.3433711755141
2022-05-31 00:00:00,413.55,416.46,410.03,412.93,-2.33,-0.0056,95936900,62.0861139818972
2022-05-27 00:00:00,407.91,415.3801,407.7,415.26,9.95,+2.45%,84768700,63.2978368531964
2022-05-26 00:00:00,398.67,407.04,398.45,405.31,7.94,+2.00%,82168300,55.1865445809637
2022-05-25 00:00:00,392.31,399.45,391.89,397.37,3.48,+0.88%,91472800,49.7120394463044
2022-05-24 00:00:00,392.56,395.15,386.96,393.89,-3.03,-0.0076,91448800,47.4885063404361
2022-05-23 00:00:00,392.83,397.73,390.38,396.92,7.29,+1.87%,76414800,49.6021982318444
2022-05-20 00:00:00,393.25,397.03,380.54,389.63,0.17,+0.04%,131432200,44.9175893918062
2022-05-19 00:00:00,388.62,394.14,387.11,389.46,-2.4,-0.0061,98510700,44.8113058334384
2022-05-18 00:00:00,403.5,403.8,390.55,391.86,-16.46,-0.0403,117674500,46.7277564657681
2022-05-17 00:00:00,406.53,408.57,402.5824,408.32,8.23,+2.06%,83029700,57.6019423316738
2022-05-16 00:00:00,399.98,403.97,397.6,400.09,-1.63,-0.0041,78622400,51.897692943595
2022-05-13 00:00:00,396.71,403.18,395.61,401.72,9.38,+2.39%,104174400,52.8926907588519
2022-05-12 00:00:00,389.37,395.8,385.15,392.34,-0.41,-0.001,125090700,46.8827619557828
2022-05-11 00:00:00,398.07,404.04,391.96,392.75,-6.34,-0.0159,142361000,47.165352860048
2022-05-10 00:00:00,404.49,406.08,394.82,399.09,0.92,+0.23%,132497200,51.4653182965007
2022-05-09 00:00:00,405.1,406.41,396.5,398.17,-13.17,-0.032,155586000,50.8189866704066
2022-05-06 00:00:00,411.1,414.8,405.73,411.34,-2.47,-0.006,151770800,58.7963452612213
2022-05-05 00:00:00,424.55,425,409.44,413.81,-15.25,-0.0355,172929100,60.1033988751371
2022-05-04 00:00:00,417.08,429.66,413.7099,429.06,12.68,+3.05%,144247800,67.0526198721869
2022-05-03 00:00:00,415.01,418.93,413.36,416.38,1.9,+0.46%,100028100,58.0056234849946
2022-05-02 00:00:00,412.07,415.92,405.02,414.48,2.48,+0.60%,158312500,56.7696088909499
2022-04-29 00:00:00,423.59,425.87,411.21,412,-15.81,-0.037,145491000,55.1186552586738
2022-04-28 00:00:00,422.29,429.64,417.6,427.81,10.54,+2.53%,105449000,62.5881758767423
2022-04-27 00:00:00,417.24,422.92,415.01,417.27,1.17,+0.28%,122029900,55.9079127019419
2022-04-26 00:00:00,425.83,426.04,416.07,416.1,-12.41,-0.029,103996300,55.2035470078463
2022-04-25 00:00:00,423.67,428.69,418.84,428.51,2.47,+0.58%,119647700,60.8392321206315
2022-04-22 00:00:00,436.91,438.0825,425.44,426.04,-12.02,-0.0274,132471700,59.2417327364775
2022-04-21 00:00:00,448.54,450.01,437.1,438.06,-6.65,-0.015,85417300,64.1720127361047
2022-04-20 00:00:00,446.92,447.57,443.48,444.71,-0.33,-0.0007,65224400,66.5805689379693
2022-04-19 00:00:00,437.86,445.8,437.68,445.04,7.07,+1.61%,77821000,66.7002024753458
2022-04-18 00:00:00,436.81,439.75,435.61,437.97,0.18,+0.04%,66002500,61.6115132867776
2022-04-14 00:00:00,443.55,444.7301,437.68,437.79,-5.52,-0.0125,97869400,61.4829044165954
2022-04-13 00:00:00,438.03,444.11,437.84,443.31,5.02,+1.15%,74070300,63.9669594511399
2022-04-12 00:00:00,443.08,445.75,436.6501,438.29,-1.63,-0.0037,84363600,60.1667004173294
2022-04-11 00:00:00,444.11,445,439.39,439.92,-7.65,-0.0171,89770500,60.9773676609914
2022-04-08 00:00:00,447.97,450.63,445.94,447.57,-1.2,-0.0027,79272700,64.616939161863
2022-04-07 00:00:00,445.59,450.69,443.53,448.77,2.25,+0.50%,78097200,65.1657773366637
2022-04-06 00:00:00,446.89,448.93,443.47,446.52,-4.51,-0.01,106897900,63.1867098245115
2022-04-05 00:00:00,455.22,457.83,449.82,451.03,-5.77,-0.0126,74214500,65.4516025834724
2022-04-04 00:00:00,453.13,456.91,452.26,456.8,3.88,+0.86%,59601000,68.1513205320641
2022-04-01 00:00:00,453.31,453.46,449.14,452.92,1.28,+0.28%,89048700,64.5012662473027
2022-03-31 00:00:00,457.89,458.76,451.16,451.64,-7.06,-0.0154,121699900,63.296867777158
2022-03-30 00:00:00,460.34,461.195,456.465,458.7,-2.85,-0.0062,79666900,66.961281972686
2022-03-29 00:00:00,460.02,462.07,457.18,461.55,5.64,+1.24%,86581500,68.3356312107037
2022-03-28 00:00:00,452.06,455.91,450.06,455.91,3.22,+0.71%,68529700,62.7708174962509
2022-03-25 00:00:00,451.16,452.98,448.43,452.69,2.2,+0.49%,77101300,59.777829248295
2022-03-24 00:00:00,445.94,450.5,444.76,450.49,6.69,+1.51%,64736800,57.7517164680358
2022-03-23 00:00:00,446.91,448.49,443.71,443.8,-5.79,-0.0129,79426100,51.9818791130971
2022-03-22 00:00:00,445.86,450.58,445.86,449.59,5.2,+1.17%,74650300,56.0723540338259
2022-03-21 00:00:00,444.34,446.46,440.68,444.39,-0.13,-0.0003,88349700,51.8041734509427
2022-03-18 00:00:00,438,444.86,437.22,444.52,3.45,+0.78%,106345500,51.9027421456784
2022-03-17 00:00:00,433.59,441.07,433.19,441.07,5.45,+1.25%,102676800,49.036521287186
2022-03-16 00:00:00,429.89,435.68,424.8,435.62,9.45,+2.22%,144954800,44.8253303020584
2022-03-15 00:00:00,419.77,426.84,418.42,426.17,9.17,+2.20%,106219100,38.6304239120897
2022-03-14 00:00:00,420.89,424.55,415.79,417,-3.07,-0.0073,95729100,33.7554003059503
2022-03-11 00:00:00,428.12,428.77,419.53,420.07,-5.41,-0.0127,95699948,36.6382889593904
2022-03-10 00:00:00,422.52,426.43,420.44,425.48,-1.93,-0.0045,93972600,41.4720407216234
2022-03-09 00:00:00,425.14,429.51,422.82,427.41,11.16,+2.68%,116990700,43.1385961102676
2022-03-08 00:00:00,419.62,427.21,415.12,416.25,-3.18,-0.0076,164772700,36.6414759528537
2022-03-07 00:00:00,431.55,432.3018,419.36,419.43,-12.74,-0.0295,137896500,39.4403654084706
2022-03-04 00:00:00,431.75,433.37,427.88,432.17,-3.54,-0.0081,114083200,49.1349116942763
2022-03-03 00:00:00,440.47,441.11,433.8,435.71,-2.18,-0.005,105501700,51.4601179184561
2022-03-02 00:00:00,432.37,439.72,431.57,437.89,7.91,+1.84%,117726500,52.8883791090883
2022-03-01 00:00:00,435.04,437.17,427.11,429.98,-6.65,-0.0152,137785900,47.4344728358312
2022-02-28 00:00:00,432.03,438.2,430.7,436.63,-1.12,-0.0026,145615000,51.9231017142397
2022-02-25 00:00:00,429.61,437.84,427.86,437.75,9.45,+2.21%,121804400,52.6563573432644
2022-02-24 00:00:00,411.02,428.76,410.64,428.3,6.35,+1.50%,213942900,46.2471748020615
2022-02-23 00:00:00,432.66,433.26,421.35,421.95,-7.62,-0.0177,132578000,42.5034603356066
2022-02-22 00:00:00,431.89,435.5,425.86,429.57,-4.66,-0.0107,124391800,47.9486775382698
2022-02-18 00:00:00,437.33,438.66,431.82,434.23,-2.83,-0.0065,132642900,51.0046139449945
2022-02-17 00:00:00,443.22,446.5652,436.42,437.06,-9.54,-0.0214,102259100,52.8163273140401
2022-02-16 00:00:00,443.93,448.055,441.94,446.6,0.5,+0.11%,84863500,58.4006156122631
2022-02-15 00:00:00,443.73,446.28,443.18,446.1,7.08,+1.61%,88659500,58.0130829185241
2022-02-14 00:00:00,439.92,441.6,435.34,439.02,-1.44,-0.0033,123006200,52.6821596794963
2022-02-11 00:00:00,449.41,451.605,438.94,440.46,-8.86,-0.0197,153214600,53.6157596935936
2022-02-10 00:00:00,451.34,457.71,447.2,449.32,-8.22,-0.018,140103700,58.9786814875693
2022-02-09 00:00:00,455.22,457.88,455.005,457.54,6.6,+1.46%,92589900,63.226699990597
2022-02-08 00:00:00,446.73,451.92,445.22,450.94,3.68,+0.82%,81012000,58.0304556301768
2022-02-07 00:00:00,449.51,450.99,445.85,447.26,-1.44,-0.0032,84472800,55.3013918864144
2022-02-04 00:00:00,446.35,452.78,443.83,448.7,2.1,+0.47%,118454300,56.1700091097078
2022-02-03 00:00:00,450.95,452.97,445.71,446.6,-10.75,-0.0235,118024400,54.5065035865219
2022-02-02 00:00:00,455.5,458.12,453.05,457.35,4.4,+0.97%,117360900,60.8915519075951
2022-02-01 00:00:00,450.68,453.63,446.9384,452.95,3.04,+0.68%,123155300,57.3439769768611
2022-01-31 00:00:00,441.24,450.28,439.81,449.91,7.96,+1.80%,152251400,54.9614474761818
2022-01-28 00:00:00,432.68,442,427.82,441.95,10.71,+2.48%,164457300,49.1975277427523
2022-01-27 00:00:00,438.26,441.59,429.45,431.24,-2.14,-0.0049,149878300,42.7077796139984
2022-01-26 00:00:00,440.72,444.04,428.86,433.38,-1.09,-0.0025,186391100,44.2891490495684
2022-01-25 00:00:00,433.06,439.72,427.15,434.47,-5.37,-0.0122,167997300,45.1200491442872
2022-01-24 00:00:00,432.03,440.38,420.76,439.84,1.86,+0.42%,252496700,49.1442663311208
2022-01-21 00:00:00,445.56,448.06,437.95,437.98,-8.77,-0.0196,202271200,47.8358541675664
2022-01-20 00:00:00,453.75,458.74,444.5,446.75,-5,-0.0111,122379700,54.0480734021406
2022-01-19 00:00:00,458.13,459.6124,451.46,451.75,-4.74,-0.0104,109357500,57.1790919512042
2022-01-18 00:00:00,459.74,459.96,455.31,456.49,-8.23,-0.0177,109872300,59.9640884757759
2022-01-14 00:00:00,461.19,465.09,459.9,464.72,0.19,+0.04%,95890900,64.3050126005933
2022-01-13 00:00:00,472.19,472.88,463.44,464.53,-6.49,-0.0138,91173100,64.1321318656972
2022-01-12 00:00:00,471.59,473.2,468.94,471.02,1.27,+0.27%,67605400,67.3600806033739
2022-01-11 00:00:00,465.23,469.85,462.05,469.75,4.24,+0.91%,74303000,66.1063394498979
2022-01-10 00:00:00,462.7,465.74,456.5973,465.51,-0.58,-0.0012,119361900,61.9600120108113
2022-01-07 00:00:00,467.95,469.2,464.65,466.09,-1.85,-0.004,85111500,62.3082797652195
2022-01-06 00:00:00,467.89,470.82,465.43,467.94,-0.44,-0.0009,86858800,63.4574905183852
2022-01-05 00:00:00,477.16,477.98,468.2801,468.38,-9.17,-0.0192,104538900,63.7406553434817
2022-01-04 00:00:00,479.22,479.98,475.58,477.55,-0.16,-0.0003,71178600,69.1125167688861
2022-01-03 00:00:00,476.3,477.85,473.85,477.71,2.75,+0.58%,72668200,69.1982630687023
2021-12-31 00:00:00,475.64,476.86,474.67,474.96,-1.2,-0.0025,65237400,65.8163380465292
2021-12-30 00:00:00,477.93,479,475.67,476.16,-1.32,-0.0028,55329000,66.5838038417892
2021-12-29 00:00:00,476.98,478.56,475.92,477.48,0.61,+0.13%,54502900,67.449519390184
2021-12-28 00:00:00,477.72,478.81,476.06,476.87,-0.39,-0.0008,47274500,66.5909527268205
2021-12-27 00:00:00,472.06,477.31,472.01,477.26,6.66,+1.42%,56808600,66.8812139539865
2021-12-23 00:00:00,468.75,472.19,468.64,470.6,2.91,+0.62%,56439700,57.6672138865365
2021-12-22 00:00:00,462.79,467.81,462.58,467.69,4.63,+1.00%,58890200,54.1564798135452
2021-12-21 00:00:00,458.61,463.21,456.31,463.06,8.08,+1.78%,69806200,49.0408443536559
2021-12-20 00:00:00,454.48,455.4,451.14,454.98,-4.89,-0.0106,107134800,41.6473233687695
2021-12-17 00:00:00,461.55,464.74,458.06,459.87,-6.58,-0.0141,135636500,46.8680538823762
2021-12-16 00:00:00,472.57,472.87,464.8,466.45,-4.15,-0.0088,116568600,52.9660067667348
2021-12-15 00:00:00,463.42,470.86,460.74,470.6,7.24,+1.56%,116899200,56.3673235427789
2021-12-14 00:00:00,463.09,465.74,460.25,463.36,-3.21,-0.0069,97264100,49.6249820638199
2021-12-13 00:00:00,470.19,470.56,466.27,466.57,-4.17,-0.0089,87724600,52.3466071968931
2021-12-10 00:00:00,469.23,470.9,466.51,470.74,4.39,+0.94%,77159700,55.6953235881213
2021-12-09 00:00:00,468.15,469.6291,466.14,466.35,-3.17,-0.0068,61272500,51.585481122683
2021-12-08 00:00:00,468.7,470,466.83,469.52,1.24,+0.26%,72238700,54.2128982310734
2021-12-07 00:00:00,464.41,468.88,458.6546,468.28,9.49,+2.07%,95484600,53.0012225355459
2021-12-06 00:00:00,456.13,460.79,453.56,458.79,5.37,+1.18%,98977500,44.7566113475332
2021-12-03 00:00:00,459.17,460.3,448.92,453.42,-3.98,-0.0087,137331600,40.8813395598292
2021-12-02 00:00:00,450.73,459.07,450.31,457.4,6.9,+1.53%,127637700,44.702900511669
2021-12-01 00:00:00,461.64,464.67,450.29,450.5,-5.06,-0.0111,132485800,39.8887730392793
2021-11-30 00:00:00,462,464.03,455.3,455.56,-9.04,-0.0195,148559600,44.6004372254694
2021-11-29 00:00:00,464.07,466.56,461.73,464.6,5.63,+1.23%,86268800,51.8602462767404
2021-11-26 00:00:00,462.34,463.9,457.77,458.97,-10.47,-0.0223,112669600,47.6704512979998
2021-11-24 00:00:00,466.06,469.57,465.19,469.44,1.25,+0.27%,61858800,54.9582507896354
2021-11-23 00:00:00,467.22,469.095,464.45,468.19,0.62,+0.13%,73206500,53.9914818518775
2021-11-22 00:00:00,470.89,473.54,467.35,467.57,-1.32,-0.0028,72761900,53.4888850832799
2021-11-19 00:00:00,469.61,470.94,468.5,468.89,-0.84,-0.0018,57315500,54.4608405790821
2021-11-18 00:00:00,469.24,470.01,466.34,469.73,1.59,+0.34%,50625600,55.1038083016895
2021-11-17 00:00:00,469,469.19,467.48,468.14,-1.14,-0.0024,47858200,53.5622308816106
2021-11-16 00:00:00,467.15,470.485,467.07,469.28,1.85,+0.40%,48857500,54.5441283191497
2021-11-15 00:00:00,468.64,468.81,466.23,467.43,0.16,+0.03%,46980400,52.600400760811
2021-11-12 00:00:00,465.12,467.86,464.11,467.27,3.5,+0.75%,53466600,52.4263923272903
2021-11-11 00:00:00,465.21,465.29,463.75,463.77,0.15,+0.03%,34848400,48.6360997910833
2021-11-10 00:00:00,465.58,467.38,462.04,463.62,-3.76,-0.008,69429600,48.4743504005149
2021-11-09 00:00:00,469.32,469.57,465.88,467.38,-1.55,-0.0033,51149100,52.7190895980932
2021-11-08 00:00:00,469.7,470.23,468.2031,468.93,0.4,+0.09%,50405100,54.387266754583
2021-11-05 00:00:00,469.28,470.65,466.92,468.53,1.62,+0.35%,66390500,53.85915136639
2021-11-04 00:00:00,465.36,467,464.99,466.91,2.19,+0.47%,52847000,51.6708027746832
2021-11-03 00:00:00,461.3,465.15,460.83,464.72,2.82,+0.61%,52509800,48.7850599505346
2021-11-02 00:00:00,460.22,462.23,460.08,461.9,1.86,+0.40%,48908400,45.2784036660701
2021-11-01 00:00:00,460.3,460.7021,458.2,460.04,0.79,+0.17%,48433600,43.0789251014548
2021-10-29 00:00:00,455.87,459.56,455.56,459.25,0.93,+0.20%,70162400,42.1425533516865
2021-10-28 00:00:00,455.46,458.4,455.45,458.32,4.38,+0.96%,51437900,41.0123954616839
2021-10-27 00:00:00,456.45,457.16,453.86,453.94,-2.02,-0.0044,72438000,36.1019112841146
2021-10-26 00:00:00,457.2,458.49,455.56,455.96,0.41,+0.09%,56075100,39.6884195111869
2021-10-25 00:00:00,454.28,455.9,452.39,455.55,2.43,+0.54%,45214500,39.2073929044439
2021-10-22 00:00:00,453.13,454.67,451.05,453.12,-0.47,-0.001,58845000,36.3921245129428
2021-10-21 00:00:00,451.77,453.829,451.31,453.59,1.18,+0.26%,41305400,37.3294525242646
2021-10-20 00:00:00,451.13,452.732,451.01,452.41,1.77,+0.39%,49571500,35.8991316338513
2021-10-19 00:00:00,448.92,450.71,448.27,450.64,3.45,+0.77%,46996800,33.8066577761176
2021-10-18 00:00:00,443.97,447.55,443.27,447.19,1.32,+0.30%,62213200,30.1212949702509
2021-10-15 00:00:00,444.75,446.26,444.09,445.87,3.37,+0.76%,66260200,28.82647591215
2021-10-14 00:00:00,439.08,442.66,438.58,442.5,7.32,+1.68%,70236800,25.7796156594592
2021-10-13 00:00:00,434.71,436.05,431.54,435.18,1.56,+0.36%,72973900,20.6692538811857
2021-10-12 00:00:00,435.67,436.1,432.78,433.62,-1.07,-0.0025,71181100,19.7698063700475
2021-10-11 00:00:00,437.16,440.26,434.62,434.69,-3.17,-0.0072,65233200,22.2683825314477
2021-10-08 00:00:00,439.48,439.89,437.19,437.86,-0.8,-0.0018,74557400,29.2938041315384
2021-10-07 00:00:00,438.39,441.68,438.2,438.66,3.76,+0.86%,72437500,30.9889563041222
2021-10-06 00:00:00,429.27,435.1199,427.54,434.9,1.8,+0.42%,113032200,27.6354419183943
2021-10-05 00:00:00,430.24,435.49,429.39,433.1,4.46,+1.04%,90682500,26.1751115751586
2021-10-04 00:00:00,433,433.96,426.36,428.64,-5.6,-0.0129,128569900,22.9404185648762
2021-10-01 00:00:00,430.98,436.0329,427.23,434.24,5.1,+1.19%,129240100,33.9735834297897
2021-09-30 00:00:00,436.02,436.77,428.78,429.14,-5.31,-0.0122,140505900,29.7903178982889
2021-09-29 00:00:00,435.19,437.04,433.85,434.45,0.73,+0.17%,82329200,38.3078367304785
2021-09-28 00:00:00,439.69,440.04,432.94,433.72,-8.92,-0.0202,130436300,37.6319317743603
2021-09-27 00:00:00,442.81,444.05,441.9,442.64,-1.27,-0.0029,61371100,49.3839604305339
2021-09-24 00:00:00,441.44,444.67,441.21,443.91,0.73,+0.16%,62094800,50.8052827246277
2021-09-23 00:00:00,439.85,444.89,439.6,443.18,5.32,+1.22%,76395900,49.9372563770717
2021-09-22 00:00:00,436.05,440.03,433.747,437.86,4.23,+0.98%,102350100,44.0328734251187
2021-09-21 00:00:00,436.53,437.91,433.07,433.63,-0.41,-0.0009,92526100,39.9847170090866
2021-09-20 00:00:00,434.88,436.56,428.86,434.04,-7.36,-0.0167,166445500,40.5551734588531
2021-09-17 00:00:00,444.92,445.37,441.02,441.4,-5.77,-0.0129,118425000,49.7828316214539
2021-09-16 00:00:00,447.32,448.36,444.02,447.17,-0.71,-0.0016,77786700,55.6015569451948
2021-09-15 00:00:00,444.62,448.41,443.44,447.88,3.71,+0.84%,78792200,56.272974650608
2021-09-14 00:00:00,448.12,448.34,443.22,444.17,-2.41,-0.0054,78197100,51.8597530291152
2021-09-13 00:00:00,448.64,448.92,444.11,446.58,1.14,+0.26%,83738600,54.363530459781
2021-09-10 00:00:00,451.04,451.49,445.31,445.44,-3.54,-0.0079,89948100,52.9603587601252
2021-09-09 00:00:00,450.7,452.57,448.72,448.98,-1.93,-0.0043,57970400,56.6979730707061
2021-09-08 00:00:00,450.89,451.67,448.86,450.91,-0.55,-0.0012,56181900,58.6280524842939
2021-09-07 00:00:00,452.71,452.81,450.7423,451.46,-1.62,-0.0036,51671500,59.1863458874525
2021-09-03 00:00:00,451.98,453.63,451.55,453.08,-0.11,-0.0002,47234300,60.8616588693024
2021-09-02 00:00:00,453.32,454.05,451.91,453.19,1.39,+0.31%,42830800,60.978784951494
2021-09-01 00:00:00,452.56,453.11,451.545,451.8,0.24,+0.05%,48721300,58.5926175896332
2021-08-31 00:00:00,452.13,452.49,450.92,451.56,-0.67,-0.0015,59300200,58.1693669753385
2021-08-30 00:00:00,450.97,453.07,450.71,452.23,1.98,+0.44%,48357300,59.0584998997688
2021-08-27 00:00:00,447.12,450.65,447.06,450.25,3.99,+0.89%,77235104,55.3165141353632
2021-08-26 00:00:00,448.61,448.86,446.16,446.26,-2.65,-0.0059,57829500,48.6297751671997
2021-08-25 00:00:00,448.17,449.457,447.77,448.91,0.94,+0.21%,40529700,52.7178119339693
2021-08-24 00:00:00,447.97,448.54,447.42,447.97,0.71,+0.16%,38744700,51.1624852534343
2021-08-23 00:00:00,445.16,448.23,443.4355,447.26,3.9,+0.88%,54973000,49.9634502941702
2021-08-20 00:00:00,440.23,443.71,439.71,443.36,3.5,+0.80%,72008704,43.8801499634023
2021-08-19 00:00:00,436.27,441.14,436.12,439.86,0.68,+0.15%,92812200,39.2602933416298
2021-08-18 00:00:00,442.96,444.625,438.92,439.18,-4.86,-0.0109,89351904,38.4140866456397
2021-08-17 00:00:00,444.24,444.96,440.85,444.04,-2.93,-0.0066,92673904,47.1771644537208
2021-08-16 00:00:00,444.53,447.11,442.87,446.97,1.05,+0.24%,73930800,51.6443928411334
2021-08-13 00:00:00,445.59,445.94,445.07,445.92,0.81,+0.18%,39470200,50.0121006446619
2021-08-12 00:00:00,443.62,445.2572,442.66,445.11,1.33,+0.30%,38942400,48.7325018006056
2021-08-11 00:00:00,443.82,443.882,442.62,443.78,1.1,+0.25%,44034300,46.6231377211461
2021-08-10 00:00:00,442.61,443.44,441.88,442.68,0.55,+0.12%,43339200,44.8923994976826
2021-08-09 00:00:00,442.46,442.795,441.31,442.13,-0.36,-0.0008,41222500,44.0126439118053
2021-08-06 00:00:00,442.1,442.94,441.8,442.49,0.73,+0.17%,46930000,44.7755049976906
2021-08-05 00:00:00,440.22,441.85,439.88,441.76,2.78,+0.63%,38969600,43.4817051024191
2021-08-04 00:00:00,439.78,441.1243,438.73,438.98,-2.17,-0.0049,46732200,38.8748745475376
2021-08-03 00:00:00,438.44,441.28,436.1,441.15,3.56,+0.81%,58053800,43.8736337807738
2021-08-02 00:00:00,440.34,440.93,437.21,437.59,-0.92,-0.0021,58783200,38.3348861068056
2021-07-30 00:00:00,437.91,440.06,437.77,438.51,-2.14,-0.0049,68951200,40.4279059887154
2021-07-29 00:00:00,439.815,441.8,439.81,440.65,1.82,+0.41%,47435300,45.096087546823
2021-07-28 00:00:00,439.68,440.3,437.31,438.83,-0.18,-0.0004,52472300,42.0762459991805
2021-07-27 00:00:00,439.91,439.94,435.99,439.01,-2.01,-0.0046,67397104,42.486451289292
2021-07-26 00:00:00,439.31,441.03,439.26,441.02,1.08,+0.25%,43719100,47.0001008291673
2021-07-23 00:00:00,437.52,440.3,436.79,439.94,4.48,+1.03%,63766600,44.9584503952247
2021-07-22 00:00:00,434.74,435.72,433.69,435.46,0.91,+0.21%,47878500,37.6519556530843
2021-07-21 00:00:00,432.34,434.7,431.0111,434.55,3.49,+0.81%,64724300,36.3593618881096
2021-07-20 00:00:00,425.68,432.42,424.83,431.06,6.09,+1.43%,99608096,31.8441976979045
2021-07-19 00:00:00,426.19,431.4089,421.97,424.97,-6.37,-0.0148,147987008,25.8189779518287
2021-07-16 00:00:00,436.01,436.06,430.92,431.34,-3.41,-0.0078,75874600,38.8516667748649
2021-07-15 00:00:00,434.81,435.53,432.72,434.75,-1.49,-0.0034,55126300,44.4754184734861
2021-07-14 00:00:00,437.4,437.92,434.91,436.24,0.65,+0.15%,64130300,46.7786824150699
2021-07-13 00:00:00,436.24,437.84,435.31,435.59,-1.49,-0.0034,52911300,45.8844796729169
2021-07-12 00:00:00,435.43,437.35,434.97,437.08,1.56,+0.36%,52889500,48.3230885843863
2021-07-09 00:00:00,432.53,435.84,430.714,435.52,4.6,+1.07%,76238496,45.9865438392228
2021-07-08 00:00:00,428.78,431.73,427.52,430.92,-3.54,-0.0081,97595200,39.8653893034933
2021-07-07 00:00:00,433.66,434.76,431.51,434.46,1.53,+0.35%,63549400,45.8400214380304
2021-07-06 00:00:00,433.78,434.01,430.01,432.93,-0.79,-0.0018,68710400,43.8138734247401
2021-07-02 00:00:00,431.67,434.1,430.5218,433.72,3.29,+0.76%,57697600,45.1616899066611
2021-07-01 00:00:00,428.87,430.6,428.8,430.43,2.37,+0.55%,53441000,40.7748887940599
2021-06-30 00:00:00,427.21,428.78,427.18,428.06,0.36,+0.08%,64827800,37.9175902427918
2021-06-29 00:00:00,427.88,428.56,427.13,427.7,0.23,+0.05%,35970500,37.4878635174158
2021-06-28 00:00:00,427.17,427.65,425.89,427.47,0.86,+0.20%,53159500,37.1978094109125
2021-06-25 00:00:00,425.9,427.0943,425.55,426.61,1.51,+0.36%,58129500,36.0738864067259
2021-06-24 00:00:00,424.89,425.55,424.62,425.1,2.5,+0.59%,45110200,34.1242845509003
2021-06-23 00:00:00,423.19,424.05,422.51,422.6,-0.51,-0.0012,49445400,31.1250476805143
2021-06-22 00:00:00,420.85,424,420.08,423.11,2.25,+0.53%,57700300,32.4297681367578
2021-06-21 00:00:00,416.8,421.06,415.93,420.86,5.94,+1.43%,72822000,29.7520204679954
2021-06-18 00:00:00,417.09,417.8281,414.7,414.92,-7.05,-0.0167,118676304,24.0954894912517
2021-06-17 00:00:00,421.67,423.02,419.32,421.97,-0.14,-0.0003,90949600,38.9348308548195
2021-06-16 00:00:00,424.63,424.87,419.92,422.11,-2.37,-0.0056,80386000,39.1890757534885
2021-06-15 00:00:00,425.42,425.46,423.54,424.48,-0.78,-0.0018,51508500,43.4792193481382
2021-06-14 00:00:00,424.43,425.37,423.1,425.26,0.95,+0.22%,42358400,44.8580263212244
2021-06-11 00:00:00,424.2,424.43,422.82,424.31,0.7,+0.17%,45570800,43.4672069206205
2021-06-10 00:00:00,422.96,424.63,421.55,423.61,1.96,+0.46%,51020100,42.4234586498209
2021-06-09 00:00:00,423.18,423.26,421.41,421.65,-0.63,-0.0015,48436300,39.559126100566
2021-06-08 00:00:00,423.11,423.21,420.32,422.28,0.09,+0.02%,47134200,40.9394593383545
2021-06-07 00:00:00,422.59,422.78,421.19,422.19,-0.41,-0.001,51555000,40.7961221972936
2021-06-04 00:00:00,420.75,422.92,418.8422,422.6,3.83,+0.91%,55938700,41.7958836003131
2021-06-03 00:00:00,417.85,419.99,416.28,418.77,-1.56,-0.0037,58138700,35.7265991683952
2021-06-02 00:00:00,420.37,421.23,419.29,420.33,0.66,+0.16%,49097000,39.5754236112291
2021-06-01 00:00:00,422.57,422.72,419.2,419.67,-0.37,-0.0009,54216600,38.5243428618398
2021-05-28 00:00:00,420.97,421.25,419.79,420.04,0.75,+0.18%,58520100,39.4945126475059
2021-05-27 00:00:00,420.17,420.72,418.9851,419.29,0.22,+0.05%,56707600,38.1792391847403
2021-05-26 00:00:00,418.87,419.61,417.76,419.07,0.83,+0.20%,43088600,37.7817661641202
2021-05-25 00:00:00,420.33,420.71,417.62,418.24,-0.93,-0.0022,57451300,36.2485238174991
2021-05-24 00:00:00,417.34,420.32,417.08,419.17,4.23,+1.02%,51376700,39.2246122224896
2021-05-21 00:00:00,416.87,418.2,414.45,414.94,-0.34,-0.0008,76578600,31.9246059949653
2021-05-20 00:00:00,411.8,416.625,411.67,415.28,4.42,+1.08%,78022200,33.0038940377451
2021-05-19 00:00:00,406.92,411.05,405.33,410.86,-1.08,-0.0026,106467000,27.0089747933462
2021-05-18 00:00:00,415.8,416.06,411.77,411.94,-3.58,-0.0086,59810200,30.3386085630524
2021-05-17 00:00:00,415.39,416.39,413.36,415.52,-1.06,-0.0025,65129200,40.0939339438594
2021-05-14 00:00:00,413.21,417.49,413.18,416.58,6.3,+1.54%,82201600,42.6546156817336
2021-05-13 00:00:00,407.07,412.35,407.02,410.28,4.87,+1.20%,106393904,33.4915728882401
2021-05-12 00:00:00,411.23,412.59,404,405.41,-8.8,-0.0212,134811008,28.4107954621177
2021-05-11 00:00:00,413.1,415.27,410.06,414.21,-3.73,-0.0089,116887904,44.7277807740917
2021-05-10 00:00:00,422.5,422.74,417.81,417.94,-4.18,-0.0099,81852400,49.9364292766304
2021-05-07 00:00:00,419.89,422.815,419.16,422.12,3.05,+0.73%,67733696,55.0486861953677
2021-05-06 00:00:00,415.83,419.21,413.675,419.07,3.32,+0.80%,74321296,50.9596101498262
2021-05-05 00:00:00,417.38,417.63,414.94,415.75,0.13,+0.03%,60284600,46.8776653198035
2021-05-04 00:00:00,416.07,416.6,411.67,415.62,-2.58,-0.0062,101591104,46.7198560603581
2021-05-03 00:00:00,419.43,419.84,417.665,418.2,0.9,+0.22%,68128200,50.2960299168403
2021-04-30 00:00:00,417.63,418.54,416.34,417.3,-2.76,-0.0066,85527000,49.0590021950757
2021-04-29 00:00:00,420.32,420.72,416.44,420.06,2.66,+0.64%,78544304,52.8859082899368
2021-04-28 00:00:00,417.81,419.01,416.9,417.4,-0.12,-0.0003,51238800,49.0605672369206
2021-04-27 00:00:00,417.93,418.14,416.3,417.52,-0.09,-0.0002,51303000,49.2389468061479
2021-04-26 00:00:00,417.44,418.22,416.8111,417.61,0.87,+0.21%,52182300,49.3821131596902
2021-04-23 00:00:00,412.87,418.25,412.79,416.74,4.47,+1.08%,73276096,47.973558515161
2021-04-22 00:00:00,415.89,416.78,411.13,412.27,-3.8,-0.0091,97582704,41.4341896778375
2021-04-21 00:00:00,411.51,416.29,411.36,416.07,3.9,+0.95%,66792900,47.9319803478106
2021-04-20 00:00:00,413.91,415.0859,410.59,412.17,-3.04,-0.0073,81851800,42.6962530625581
2021-04-19 00:00:00,416.26,416.74,413.79,415.21,-2.05,-0.0049,78498400,47.5093768691577
2021-04-16 00:00:00,417.25,417.91,415.73,417.26,1.39,+0.33%,82037200,50.527080028272
2021-04-15 00:00:00,413.74,416.16,413.69,415.87,4.42,+1.07%,60229800,48.4914197093541
2021-04-14 00:00:00,412.83,413.96,410.87,411.45,-1.41,-0.0034,61659900,42.6123483554229
2021-04-13 00:00:00,411.53,413.529,411.12,412.86,1.22,+0.30%,56550900,44.9070254458606
2021-04-12 00:00:00,410.85,411.93,410.2,411.64,0.15,+0.04%,56704900,43.2939462094286
2021-04-09 00:00:00,408.39,411.67,408.26,411.49,2.97,+0.73%,61104500,43.0890074918445
2021-04-08 00:00:00,407.93,408.58,406.93,408.52,1.93,+0.47%,57863100,39.1385165078807
2021-04-07 00:00:00,405.94,406.96,405.45,406.59,0.47,+0.12%,55836200,36.7787599096593
2021-04-06 00:00:00,405.76,407.24,405.4,406.12,-0.24,-0.0006,62020900,36.2062647698014
2021-04-05 00:00:00,403.46,406.94,403.38,406.36,5.75,+1.44%,91684704,36.7477032144962
2021-04-01 00:00:00,398.4,400.67,398.18,400.61,4.28,+1.08%,99682800,30.1461740469211
2021-03-31 00:00:00,395.34,398,395.31,396.33,1.6,+0.41%,112734200,26.3514555604027
2021-03-30 00:00:00,394.42,395.45,393.02,394.73,-1.05,-0.0027,76262200,25.080460774612
2021-03-29 00:00:00,394.4,396.75,392.81,395.78,-0.2,-0.0005,108107600,27.5500858975675
2021-03-26 00:00:00,390.93,396.41,390.29,395.98,6.28,+1.61%,114409104,28.0366863068021
2021-03-25 00:00:00,385.98,390.55,383.9,389.7,2.18,+0.56%,116128600,22.8476134455129
2021-03-24 00:00:00,391,392.75,387.47,387.52,-1.98,-0.0051,97588600,21.3690822560872
2021-03-23 00:00:00,391.91,393.46,388.66,389.5,-3.09,-0.0079,90686496,26.0499006300645
2021-03-22 00:00:00,390.03,394.07,389.97,392.59,3.11,+0.80%,73778600,32.7755423016203
2021-03-19 00:00:00,389.88,391.569,387.15,389.48,-2,-0.0051,113624400,29.8345058617776
2021-03-18 00:00:00,394.48,396.72,390.75,391.48,-5.78,-0.0145,115349104,33.9398036877744
2021-03-17 00:00:00,394.53,398.12,393.3,397.26,1.35,+0.34%,97959200,44.1161112973755
2021-03-16 00:00:00,397.07,397.83,395.08,395.91,-0.5,-0.0013,73722496,42.4704960108407
2021-03-15 00:00:00,394.33,396.685,392.03,396.41,2.35,+0.60%,73592304,43.3138864833459
2021-03-12 00:00:00,392.07,394.21,391.2,394.06,0.53,+0.13%,64653500,40.3218874084026
2021-03-11 00:00:00,392.23,395.65,391.74,393.53,3.95,+1.01%,86245000,39.6565500322326
2021-03-10 00:00:00,389.69,391.4,388.1702,389.58,2.41,+0.62%,109899400,35.0187915058908
2021-03-09 00:00:00,385.85,389.91,381.7299,387.17,5.45,+1.43%,113633504,32.5199019560672
2021-03-08 00:00:00,384.66,387.68,381.42,381.72,-1.91,-0.005,123149200,27.7051817639024
2021-03-05 00:00:00,380.46,384.76,372.64,383.63,6.93,+1.84%,152039600,31.5311086781108
2021-03-04 00:00:00,381.22,384,371.88,376.7,-4.72,-0.0124,183432992,26.1282421132574
2021-03-03 00:00:00,385.79,386.83,381.31,381.42,-5.12,-0.0132,119940200,34.376088448003
2021-03-02 00:00:00,389.82,390.07,386,386.54,-3.04,-0.0078,79595296,41.9477906658911
2021-03-01 00:00:00,385.59,390.92,380.572,389.58,9.22,+2.42%,105348800,45.9364271848328
2021-02-26 00:00:00,384.35,385.58,378.23,380.36,-1.97,-0.0052,152701600,37.5171062819762
2021-02-25 00:00:00,390.41,391.88,380.7789,382.33,-9.44,-0.0241,146670496,40.0455945235916
2021-02-24 00:00:00,386.33,392.23,385.27,391.77,4.27,+1.10%,72433904,50.4028951368409
2021-02-23 00:00:00,384.66,388.945,380.2,387.5,0.47,+0.12%,107284096,46.490603438121
2021-02-22 00:00:00,387.06,389.62,386.74,387.03,-3,-0.0077,67414096,46.0667477998924
2021-02-19 00:00:00,392.07,392.38,389.55,390.03,-0.69,-0.0018,83240896,49.2474205024145
2021-02-18 00:00:00,389.59,391.515,387.74,390.72,-1.67,-0.0043,59712700,49.9781135213174
2021-02-17 00:00:00,390.42,392.66,389.33,392.39,0.09,+0.02%,52806600,51.7873281940077
2021-02-16 00:00:00,393.96,394.17,391.53,392.3,-0.34,-0.0009,50972300,51.6788472204616
2021-02-12 00:00:00,389.85,392.9,389.77,392.64,1.93,+0.49%,50593200,52.0871694163466
2021-02-11 00:00:00,391.24,391.69,388.1,390.71,0.63,+0.16%,42913200,49.5286693232645
2021-02-10 00:00:00,392.12,392.28,387.5,390.08,-0.17,-0.0004,59154300,48.6879632000723
2021-02-09 00:00:00,389.61,390.89,389.17,390.25,-0.26,-0.0007,35551000,48.9398253474349
2021-02-08 00:00:00,389.27,390.56,388.35,390.51,2.8,+0.72%,38365100,49.349310462636
2021-02-05 00:00:00,388.2,388.47,386.1444,387.71,1.52,+0.39%,48669700,45.1499561109485
2021-02-04 00:00:00,382.96,386.24,381.9655,386.19,4.34,+1.14%,47142500,43.0102992138197
2021-02-03 00:00:00,382.43,383.7,380.48,381.85,0.3,+0.08%,52427000,37.5399910205264
2021-02-02 00:00:00,379.65,383.22,376.3181,381.55,5.32,+1.41%,64450600,37.1878981971992
2021-02-01 00:00:00,373.72,377.34,370.376,376.23,6.16,+1.66%,75817600,31.5387546536815
2021-01-29 00:00:00,375.63,376.67,368.27,370.07,-7.56,-0.02,126765104,26.5159923604155
2021-01-28 00:00:00,376.36,381.93,375.89,377.63,3.22,+0.86%,94198096,39.2938134608607
2021-01-27 00:00:00,380.22,380.32,372.01,374.41,-9.38,-0.0244,123351000,36.3912625101904
2021-01-26 00:00:00,385.41,385.85,383.54,383.79,-0.6,-0.0016,42665200,48.3583268853846
2021-01-25 00:00:00,383.67,384.77,378.46,384.39,1.51,+0.39%,70401904,49.0190385413955
2021-01-22 00:00:00,382.25,384.1256,381.835,382.88,-1.36,-0.0035,52136900,47.3762461199487
2021-01-21 00:00:00,384.49,384.95,383.25,384.24,0.35,+0.09%,47955800,49.0329838212436
2021-01-20 00:00:00,381.11,384.79,380.69,383.89,5.24,+1.38%,61836000,48.6088517514479
2021-01-19 00:00:00,378.34,379.23,376.75,378.65,2.95,+0.79%,51233300,42.6594178943928
2021-01-15 00:00:00,376.72,377.58,373.7,375.7,-2.76,-0.0073,107159904,39.7125323247369
2021-01-14 00:00:00,380.59,381.13,378.1,378.46,-1.33,-0.0035,49989100,43.6355931153643
2021-01-13 00:00:00,378.69,380.86,377.85,379.79,1.02,+0.27%,45303600,45.4768163422009
2021-01-12 00:00:00,378.89,379.86,376.36,378.77,0.08,+0.02%,52547700,44.2821050313962
2021-01-11 00:00:00,377.85,380.58,377.7189,378.69,-2.57,-0.0067,51176700,44.1840628268903
2021-01-08 00:00:00,380.59,381.49,377.1,381.26,2.16,+0.57%,71677200,48.1552250082116
2021-01-07 00:00:00,376.1,379.9,375.91,379.1,5.55,+1.49%,68766800,45.2417953001261
2021-01-06 00:00:00,369.71,376.98,369.12,373.55,2.22,+0.60%,107997600,38.753943190871
2021-01-05 00:00:00,368.1,372.5,368.05,371.33,2.54,+0.69%,66426200,36.499238885589
2021-01-04 00:00:00,375.31,375.45,364.82,368.79,-5.09,-0.0136,110210800,34.0577483056559
2020-12-31 00:00:00,371.78,374.66,371.232,373.88,1.89,+0.51%,78520704,42.3761897773583
2020-12-30 00:00:00,372.34,373.1,371.57,371.99,0.53,+0.14%,49455200,40.3412290899489
2020-12-29 00:00:00,373.81,374,370.83,371.46,-0.71,-0.0019,53680400,39.764556890837
2020-12-28 00:00:00,371.74,372.59,371.07,372.17,3.17,+0.86%,39000400,40.9816783141673
2020-12-24 00:00:00,368.08,369.03,367.45,369,1.43,+0.39%,26457800,37.3526617594636
2020-12-23 00:00:00,368.28,369.62,367.2172,367.57,0.33,+0.09%,46201400,35.8120614219905
2020-12-22 00:00:00,368.21,368.3317,366.03,367.24,-0.62,-0.0017,48388400,35.4487061981778
2020-12-21 00:00:00,364.97,378.46,362.03,367.86,-1.32,-0.0036,96386704,36.7472128755332
2020-12-18 00:00:00,370.97,371.15,367.02,369.18,-3.06,-0.0082,136542304,39.5359243217029
2020-12-17 00:00:00,371.94,372.46,371.05,372.24,2.07,+0.56%,64119400,45.5311345970791
2020-12-16 00:00:00,369.82,371.16,368.8676,370.17,0.58,+0.16%,58420500,42.4638111526159
2020-12-15 00:00:00,367.4,369.59,365.92,369.59,4.93,+1.35%,64071100,41.6178067519343
2020-12-14 00:00:00,368.64,369.8,364.47,364.66,-1.64,-0.0045,69216096,35.1985839026394
2020-12-11 00:00:00,364.9,366.7402,363.26,366.3,-0.43,-0.0012,57698600,38.5917979612668
2020-12-10 00:00:00,365.37,367.86,364.43,366.73,-0.12,-0.0003,57735300,39.4865200934561
2020-12-09 00:00:00,370.88,371.05,365.95,366.85,-3.32,-0.009,74098304,39.7503438167734
2020-12-08 00:00:00,367.72,370.78,367.67,370.17,1.08,+0.29%,42458800,46.6769178749406
2020-12-07 00:00:00,369.02,369.62,367.72,369.09,-0.76,-0.0021,48944200,44.8697923350507
2020-12-04 00:00:00,367.32,369.85,367.22,369.85,3.16,+0.86%,50749800,46.4412092916481
2020-12-03 00:00:00,366.68,368.19,365.5,366.69,-0.1,-0.0003,62882000,41.1847166278169
2020-12-02 00:00:00,364.82,366.96,364.2,366.79,0.77,+0.21%,45927000,41.4107165709835
2020-12-01 00:00:00,365.57,367.68,364.93,366.02,3.96,+1.09%,74504896,40.1319713084228
2020-11-30 00:00:00,362.83,363.12,359.17,362.06,-1.61,-0.0044,83872704,34.2707969597074
2020-11-27 00:00:00,363.84,364.18,362.58,363.67,1.01,+0.28%,28514000,38.2212648231058
2020-11-25 00:00:00,363.13,363.16,361.48,362.66,-0.56,-0.0015,45330800,36.7298795444953
2020-11-24 00:00:00,360.21,363.81,359.29,363.22,5.76,+1.61%,62415800,38.1704425958617
2020-11-23 00:00:00,357.28,358.82,354.865,357.46,2.13,+0.60%,63230600,30.4825961214344
2020-11-20 00:00:00,357.5,357.72,355.25,355.33,-2.45,-0.0068,70411800,28.2191834039741
2020-11-19 00:00:00,355.6,358.18,354.15,357.78,1.5,+0.42%,59940900,34.2653144226982
2020-11-18 00:00:00,360.91,361.5,356.24,356.28,-4.34,-0.012,70591296,32.462460844331
2020-11-17 00:00:00,359.97,361.92,358.34,360.62,-1.95,-0.0054,66111000,41.9751426525843
2020-11-16 00:00:00,360.98,362.78,359.59,362.57,4.47,+1.25%,74541104,45.6774099556809
2020-11-13 00:00:00,355.27,358.9,354.71,358.1,4.89,+1.38%,62959400,39.4617453145742
2020-11-12 00:00:00,355.58,356.7182,351.26,353.21,-3.46,-0.0097,68118496,34.009532643848
2020-11-11 00:00:00,356.4,357.56,355.06,356.67,2.63,+0.74%,58649000,40.2952821738979
2020-11-10 00:00:00,353.49,355.18,350.51,354.04,-0.52,-0.0015,85552000,37.3806294874613
2020-11-09 00:00:00,363.97,364.38,354.06,354.56,4.4,+1.26%,172304192,38.3304373423187
2020-11-06 00:00:00,349.93,351.51,347.65,350.16,-0.08,-0.0002,74972896,33.6758645214493
2020-11-05 00:00:00,349.24,352.19,348.86,350.24,6.7,+1.95%,82039696,33.8331897052228
2020-11-04 00:00:00,340.86,347.94,339.59,343.54,7.51,+2.23%,126959696,27.8705147072031
2020-11-03 00:00:00,333.69,338.25,330.2935,336.03,5.83,+1.77%,93294096,22.9814532152417
2020-11-02 00:00:00,330.2,332.36,327.24,330.2,3.66,+1.12%,86068304,20.0421870080566
2020-10-30 00:00:00,328.28,329.69,322.6,326.54,-3.44,-0.0104,120448600,18.4470919800732
2020-10-29 00:00:00,326.91,333.395,325.09,329.98,3.32,+1.02%,90597600,24.5269753311606
2020-10-28 00:00:00,332.1,338.2483,326.13,326.66,-11.56,-0.0342,127094304,22.763161667795
2020-10-27 00:00:00,339.76,340.12,337.99,338.22,-1.17,-0.0034,65994100,39.1672051497448
2020-10-26 00:00:00,342.13,342.98,335.62,339.39,-6.39,-0.0185,91473000,40.5435836009403
2020-10-23 00:00:00,345.93,345.99,343.13,345.78,1.17,+0.34%,49143900,47.5265420712612
2020-10-22 00:00:00,342.96,345.24,340.65,344.61,1.88,+0.55%,55399200,46.4508109889303
2020-10-21 00:00:00,343.33,348.6847,342.4,342.73,-0.65,-0.0019,63574900,44.700029365228
2020-10-20 00:00:00,343.46,346.88,342.64,343.38,1.37,+0.40%,60051800,45.4653638622778
2020-10-19 00:00:00,348.65,349.33,341.04,342.01,-5.28,-0.0152,68425600,44.0806307332219
2020-10-16 00:00:00,348.96,350.75,347.1,347.29,-0.21,-0.0006,89501800,50.3561402208141
2020-10-15 00:00:00,343.71,348.02,343.13,347.5,-0.43,-0.0012,60357600,50.5936271725578
2020-10-14 00:00:00,350.75,351.93,347.14,347.93,-2.2,-0.0063,57958700,51.1093705803263
2020-10-13 00:00:00,352.28,352.4651,349.09,350.13,-2.3,-0.0065,73255504,53.7684312894224
2020-10-12 00:00:00,349.59,354.02,349.06,352.43,5.58,+1.61%,80388496,56.4360266108821
2020-10-09 00:00:00,345.56,347.35,344.89,346.85,3.07,+0.89%,59528600,49.0425987668456
2020-10-08 00:00:00,342.85,343.85,341.86,343.78,3.02,+0.89%,45242400,45.5100695062623
2020-10-07 00:00:00,338.12,341.63,338.09,340.76,5.83,+1.74%,56999500,42.2835314281051
2020-10-06 00:00:00,339.91,342.17,334.38,334.93,-4.83,-0.0142,90128800,36.8518435075678
2020-10-05 00:00:00,336.06,339.96,336.01,339.76,5.92,+1.77%,45713100,43.345123289675
2020-10-02 00:00:00,331.7,337.0126,331.19,333.84,-3.2,-0.0095,89431104,38.165127397505
2020-10-01 00:00:00,337.69,338.74,335.01,337.04,2.15,+0.64%,88698704,42.1869941483219
2020-09-30 00:00:00,333.09,338.29,332.88,334.89,2.52,+0.76%,104081104,40.290839775907
2020-09-29 00:00:00,333.97,334.77,331.6209,332.37,-1.82,-0.0054,51531500,38.12770990749
2020-09-28 00:00:00,333.22,334.96,332.15,334.19,5.46,+1.66%,64584600,40.6077657969466
2020-09-25 00:00:00,322.58,329.58,321.64,328.73,5.23,+1.62%,71069400,35.9519701527431
2020-09-24 00:00:00,321.22,326.797,319.8,323.5,0.86,+0.27%,76681296,32.1496021516271
2020-09-23 00:00:00,330.9,331.2,322.1,322.64,-7.66,-0.0232,93112200,31.558544474823
2020-09-22 00:00:00,328.57,330.9,325.86,330.3,3.33,+1.02%,63612100,41.818674658787
2020-09-21 00:00:00,325.7,327.13,321.73,326.97,-3.68,-0.0111,99450800,39.0761794537065
2020-09-18 00:00:00,335.37,335.49,327.97,330.65,-5.19,-0.0155,105877904,43.4869326805012
2020-09-17 00:00:00,333.56,337.6996,332.991,335.84,-2.98,-0.0088,91523296,49.0854353250643
2020-09-16 00:00:00,341.51,343.06,338.52,338.82,-1.35,-0.004,82211200,52.0242893443489
2020-09-15 00:00:00,341.12,342.02,338.4683,340.17,1.71,+0.51%,52920800,53.3382995206042
2020-09-14 00:00:00,337.49,340.38,334.2208,338.46,4.4,+1.32%,65605600,51.4172729311324
2020-09-11 00:00:00,335.82,336.97,331,334.06,0.17,+0.05%,84680096,46.7514276141387
2020-09-10 00:00:00,341.82,342.53,332.85,333.89,-5.9,-0.0174,90569504,46.5755703113788
2020-09-09 00:00:00,337.55,342.46,336.61,339.79,6.58,+1.97%,91462200,53.1606915969017
2020-09-08 00:00:00,336.71,342.64,332.88,333.21,-9.36,-0.0273,114465296,46.3055628414725
2020-09-04 00:00:00,346.13,347.83,334.87,342.57,-2.82,-0.0082,139156192,55.1627973263358
2020-09-03 00:00:00,355.87,356.38,342.59,345.39,-12.31,-0.0344,148011104,57.4406308123
2020-09-02 00:00:00,354.67,358.75,353.43,357.7,5.1,+1.45%,69540000,65.6453331960728
2020-09-01 00:00:00,350.21,352.71,349.24,352.6,3.29,+0.94%,54999300,60.446172260018
2020-08-31 00:00:00,350.35,351.3,349.06,349.31,-1.27,-0.0036,66099100,57.2937316141504
2020-08-28 00:00:00,349.44,350.72,348.15,350.58,2.25,+0.65%,48588900,58.1999797219538
2020-08-27 00:00:00,348.51,349.9,346.53,348.33,0.76,+0.22%,58034100,55.9353092788503
2020-08-26 00:00:00,344.76,347.86,344.17,347.57,3.45,+1.00%,50790200,55.1546171325564
2020-08-25 00:00:00,343.53,344.21,342.27,344.12,1.2,+0.35%,38463300,51.6317155682518
2020-08-24 00:00:00,342.12,343,339.4504,342.92,3.44,+1.01%,48588600,50.4252538072149
2020-08-21 00:00:00,337.55,339.72,337.55,339.48,1.2,+0.35%,55106600,47.0324664573272
2020-08-20 00:00:00,335.36,338.8,335.22,338.28,1.05,+0.31%,42207800,45.8729609714722
2020-08-19 00:00:00,339.05,339.61,336.62,337.23,-1.41,-0.0042,68054200,44.8314811099275
2020-08-18 00:00:00,338.34,339.1,336.61,338.64,0.73,+0.22%,38733900,46.5852399841476
2020-08-17 00:00:00,337.94,338.34,336.8517,337.91,1.07,+0.32%,35480900,45.7739329948141
2020-08-14 00:00:00,336.41,337.42,335.62,336.84,0.01,0,47260300,44.5492522212511
2020-08-13 00:00:00,336.61,338.2514,335.83,336.83,-0.61,-0.0018,41816100,44.5372591873001
2020-08-12 00:00:00,335.44,338.28,332.8377,337.44,4.64,+1.39%,53826100,45.5010685702563
2020-08-11 00:00:00,336.85,337.54,332.01,332.8,-2.77,-0.0083,69601000,39.831050853039
2020-08-10 00:00:00,335.06,335.77,332.955,335.57,1,+0.30%,44282000,44.2938984702901
2020-08-07 00:00:00,333.28,334.88,332.3,334.57,0.24,+0.07%,57308200,43.0524118814435
2020-08-06 00:00:00,331.48,334.46,331.13,334.33,2.22,+0.67%,43679400,42.7427721109392
2020-08-05 00:00:00,331.47,332.39,331.18,332.11,2.05,+0.62%,42866300,39.8851985143109
2020-08-04 00:00:00,327.86,330.06,327.86,330.06,1.27,+0.39%,41917800,37.3987611390335
2020-08-03 00:00:00,328.32,329.62,327.73,328.79,2.27,+0.70%,53077900,35.9054157330227
2020-07-31 00:00:00,325.86,326.63,321.33,326.52,2.56,+0.79%,85210704,33.3426440872036
2020-07-30 00:00:00,321.9,324.41,319.64,323.96,-1.16,-0.0036,61861700,30.6828701596405
2020-07-29 00:00:00,322.12,325.73,322.075,325.12,3.95,+1.23%,48454100,33.2800562408946
2020-07-28 00:00:00,322.43,323.64,320.85,321.17,-2.05,-0.0063,57494900,29.2597682338923
2020-07-27 00:00:00,321.63,323.41,320.775,323.22,2.34,+0.73%,48292900,33.7338730264756
2020-07-24 00:00:00,320.95,321.99,319.246,320.88,-2.08,-0.0064,73766496,31.3003495467907
2020-07-23 00:00:00,326.47,327.23,321.48,322.96,-3.9,-0.0119,75737904,35.7380252630137
2020-07-22 00:00:00,324.62,327.2,324.5,326.86,1.85,+0.57%,57792900,43.152771422933
2020-07-21 00:00:00,326.45,326.93,323.94,325.01,0.69,+0.21%,57498900,40.7507878394026
2020-07-20 00:00:00,321.43,325.13,320.62,324.32,2.6,+0.81%,56308800,39.8596259479942
2020-07-17 00:00:00,321.88,322.57,319.735,321.72,0.93,+0.29%,62774900,36.6107154066032
2020-07-16 00:00:00,319.79,321.28,319.09,320.79,-1.06,-0.0033,54622500,35.4962134242963
2020-07-15 00:00:00,322.41,323.04,319.265,321.85,2.93,+0.92%,87196496,37.8196632560126
2020-07-14 00:00:00,313.3,319.76,312,318.92,4.08,+1.30%,93656896,34.157173231472
2020-07-13 00:00:00,320.13,322.71,314.13,314.84,-2.75,-0.0087,102997400,29.8257781227398
2020-07-10 00:00:00,314.31,317.88,312.76,317.59,3.21,+1.02%,57550300,35.7405761696291
2020-07-09 00:00:00,316.84,317.1,310.68,314.38,-1.8,-0.0057,83354096,32.316498297385
2020-07-08 00:00:00,314.61,316.3,312.7,316.18,2.4,+0.76%,54638500,36.0181135856438
2020-07-07 00:00:00,315.38,317.52,313.37,313.78,-3.27,-0.0103,82909904,33.39558104976
2020-07-06 00:00:00,316.37,317.68,315.56,317.05,4.82,+1.54%,61713800,39.8245384215627
2020-07-02 00:00:00,314.24,315.7,311.51,312.23,1.71,+0.55%,69344200,34.5332765304397
2020-07-01 00:00:00,309.57,311.89,309.07,310.52,2.16,+0.70%,72396496,32.8649712704791
2020-06-30 00:00:00,303.99,310.2,303.82,308.36,3.9,+1.28%,113394704,30.8383561584724
2020-06-29 00:00:00,301.41,304.61,298.93,304.46,4.41,+1.47%,79773200,27.5366076135143
2020-06-26 00:00:00,306.16,306.39,299.42,300.05,-7.3,-0.0238,127961000,24.3604842775148
2020-06-25 00:00:00,303.47,307.64,301.28,307.35,3.26,+1.07%,89467904,37.2606648341526
2020-06-24 00:00:00,309.84,310.51,302.1,304.09,-7.96,-0.0255,132813504,34.4361668086566
2020-06-23 00:00:00,313.49,314.5,311.6101,312.05,1.43,+0.46%,68471200,45.3329114124198
2020-06-22 00:00:00,307.99,311.05,306.75,310.62,1.98,+0.64%,74649296,43.9206696770298
2020-06-19 00:00:00,314.17,314.38,306.53,308.64,-3.14,-0.0101,135549600,41.9710105274817
2020-06-18 00:00:00,310.01,312.3,309.51,311.78,0.12,+0.04%,80828600,46.0602960807408
2020-06-17 00:00:00,314.07,314.39,310.86,311.66,-1.3,-0.0042,83398896,45.9270950185333
2020-06-16 00:00:00,315.48,315.64,307.67,312.96,5.91,+1.92%,137627504,47.6918999087023
2020-06-15 00:00:00,298.02,308.28,296.74,307.05,2.84,+0.93%,135782704,41.1212005830859
2020-06-12 00:00:00,308.24,309.08,298.6,304.21,3.6,+1.20%,194678800,38.3844346126202
2020-06-11 00:00:00,311.46,312.15,300.01,300.61,-18.39,-0.0576,209243504,35.187531191081
2020-06-10 00:00:00,321.42,322.39,318.2209,319,-1.79,-0.0056,95000704,55.5525601232277
2020-06-09 00:00:00,320.3,323.2849,319.36,320.79,-2.41,-0.0075,77479200,56.9698393425018
2020-06-08 00:00:00,320.3,323.41,319.63,323.2,3.86,+1.21%,73641200,58.8713627801372
2020-06-05 00:00:00,317.23,321.275,317.16,319.34,7.98,+2.56%,150524608,54.7018467384818
2020-06-04 00:00:00,311.11,313,309.08,311.36,-0.82,-0.0026,75794304,47.2511896280366
2020-06-03 00:00:00,310.24,313.22,309.94,312.18,4.1,+1.33%,92567504,48.034445747711
2020-06-02 00:00:00,306.55,308.13,305.1,308.08,2.53,+0.83%,74267104,44.478190493199
2020-06-01 00:00:00,303.62,306.205,303.06,305.55,1.23,+0.40%,56779800,42.3924969944975
2020-05-29 00:00:00,302.46,304.96,299.47,304.32,1.35,+0.45%,119265696,41.3766507391833
2020-05-28 00:00:00,304.65,306.84,302.24,302.97,-0.56,-0.0018,90767800,40.2369843240829
2020-05-27 00:00:00,302.12,303.57,296.87,303.53,4.45,+1.49%,104817400,40.9633958509182
2020-05-26 00:00:00,301.93,302.19,295.4646,299.08,3.64,+1.23%,88951400,37.103933222644
2020-05-22 00:00:00,294.57,295.63,293.22,295.44,0.56,+0.19%,63958200,34.2604540111161
2020-05-21 00:00:00,296.79,297.67,293.6886,294.88,-2.05,-0.0069,78293904,33.8309027276583
2020-05-20 00:00:00,295.82,297.87,295.57,296.93,4.96,+1.70%,85861600,36.9474593071027
2020-05-19 00:00:00,294.35,296.205,291.95,291.97,-3.03,-0.0103,95189296,32.90874092187
2020-05-18 00:00:00,293.05,296.75,292.7,295,8.72,+3.05%,120320200,37.4097637746692
2020-05-15 00:00:00,282.37,286.33,281.34,286.28,1.31,+0.46%,111146200,30.9703058502153
2020-05-14 00:00:00,278.95,285.11,272.99,284.97,3.37,+1.20%,121977800,30.1311933883175
2020-05-13 00:00:00,286.06,287.19,278.965,281.6,-5.07,-0.0177,144721104,28.0274104038685
2020-05-12 00:00:00,293.79,294.24,286.52,286.67,-5.83,-0.0199,95870704,35.3416920965193
2020-05-11 00:00:00,290.34,294,289.88,292.5,0.06,+0.02%,79514200,42.5692905038465
2020-05-08 00:00:00,291.09,292.95,289.86,292.44,4.76,+1.65%,76622096,42.5166165699967
2020-05-07 00:00:00,287.75,289.78,287.13,287.68,3.43,+1.21%,75250400,38.4516692154168
2020-05-06 00:00:00,287.01,288.46,283.78,284.25,-1.94,-0.0068,73632600,35.7958371891832
2020-05-05 00:00:00,286.64,289.25,283.7134,286.19,2.62,+0.92%,79569904,38.3878896323553
2020-05-04 00:00:00,280.74,283.9,279.13,283.57,0.78,+0.28%,80873200,36.2588725906634
2020-05-01 00:00:00,285.31,290.6572,281.52,282.79,-7.69,-0.0265,125180000,35.6254074295561
2020-04-30 00:00:00,291.71,293.3239,288.59,290.48,-2.73,-0.0093,122901696,45.6979885948876
2020-04-29 00:00:00,291.53,294.88,290.41,293.21,7.48,+2.62%,118745504,48.7629924833201
2020-04-28 00:00:00,291.02,291.4,285.4,285.73,-1.32,-0.0046,105269904,41.8011117368649
2020-04-27 00:00:00,285.12,288.27,284.62,287.05,4.08,+1.44%,77896600,43.3384922563968
2020-04-24 00:00:00,280.73,283.7,278.5,282.97,3.89,+1.39%,85165904,39.8357320826481
2020-04-23 00:00:00,280.49,283.94,278.75,279.08,-0.02,-0.0001,104709696,36.7832000131667
2020-04-22 00:00:00,278.35,281,276.91,279.1,6.06,+2.22%,93524496,36.8100102589256
2020-04-21 00:00:00,276.73,278.04,272.02,273.04,-8.55,-0.0304,126385600,32.3352314516138
2020-04-20 00:00:00,282.61,286.7912,281.35,281.59,-5.05,-0.0176,100109200,42.8848166394255
2020-04-17 00:00:00,285.38,287.3,282.4,286.64,7.54,+2.70%,146684704,48.0379243520278
2020-04-16 00:00:00,279.15,280.03,275.76,279.1,1.34,+0.48%,131798304,41.9518969998773
2020-04-15 00:00:00,277.57,283.9407,275.46,277.76,-6.03,-0.0212,121775000,40.9587478545158
2020-04-14 00:00:00,280.98,284.9,275.5106,283.79,8.13,+2.95%,134143296,47.0351663782667
2020-04-13 00:00:00,277.14,277.51,271.41,275.66,-2.54,-0.0091,114839000,40.9202770429887
2020-04-09 00:00:00,277.58,281.2,275.47,278.2,4.17,+1.52%,190282704,43.3962121951491
2020-04-08 00:00:00,267.96,276,265.2542,274.03,8.9,+3.36%,153774400,40.4025896555288
2020-04-07 00:00:00,274.21,275.03,264.89,265.13,0.27,+0.10%,201427104,34.8732169699054
2020-04-06 00:00:00,257.84,267,248.1698,264.86,16.67,+6.72%,188061200,34.7179855538721
2020-04-03 00:00:00,250.76,253.32,245.22,248.19,-3.64,-0.0145,135561104,26.7892394572838
2020-04-02 00:00:00,245.19,252.68,244.59,251.83,5.68,+2.31%,177660400,30.5205127894056
2020-04-01 00:00:00,247.98,257.6591,243.9,246.15,-11.6,-0.045,189554592,28.1127325694621
2020-03-31 00:00:00,260.56,263.33,256.22,257.75,-3.9,-0.0149,194880992,38.7415585431462
2020-03-30 00:00:00,255.7,262.43,253.53,261.65,8.23,+3.25%,170961792,41.854294389928
2020-03-27 00:00:00,253.27,260.81,251.05,253.42,-7.78,-0.0298,224341200,37.5214253456136
2020-03-26 00:00:00,249.05,262.8,249.05,261.2,14.41,+5.84%,257632800,43.4782595189216
2020-03-25 00:00:00,244.87,256.35,239.75,246.79,3.64,+1.50%,299430208,36.5309798050171
2020-03-24 00:00:00,234.42,244.1,233.8,243.15,20.2,+9.06%,235494400,35.0092164846932
2020-03-23 00:00:00,228.78,229.6833,218.26,222.95,-5.85,-0.0256,326025088,28.0308119937833
2020-03-20 00:00:00,242.53,244.47,228.5,228.8,-11.71,-0.0487,347158784,32.243085373662
2020-03-19 00:00:00,237.76,247.38,232.22,240.51,0.51,+0.21%,289321984,39.8341969800513
2020-03-18 00:00:00,236.25,248.37,228.02,240,-12.8,-0.0506,327597088,39.6259735174682
2020-03-17 00:00:00,245.04,256.17,237.07,252.8,12.95,+5.40%,262070400,47.0999866421967
2020-03-16 00:00:00,241.18,256.9,237.36,239.85,-29.47,-0.1094,297240000,41.5021662128643
2020-03-13 00:00:00,263.09,271.4754,248.5237,269.32,21.21,+8.55%,329566112,54.6973827772375
2020-03-12 00:00:00,256,266.66,247.68,248.11,-26.25,-0.0957,392220608,46.5576044063265
2020-03-11 00:00:00,280.7,281.94,270.88,274.36,-14.06,-0.0487,256416496,55.4031315672517
2020-03-10 00:00:00,284.64,288.52,273.5,288.42,14.19,+5.17%,276444000,59.2898346561234
2020-03-09 00:00:00,275.3,284.19,273.45,274.23,-23.23,-0.0781,309417312,54.1596326113359
2020-03-06 00:00:00,293.15,298.78,290.23,297.46,-5,-0.0165,228667104,60.226924667666
2020-03-05 00:00:00,304.98,308.47,300.01,302.46,-10.4,-0.0332,186366800,61.4108319835655
2020-03-04 00:00:00,306.12,313.1,303.33,312.86,12.62,+4.20%,176613408,63.8230080446583
2020-03-03 00:00:00,309.5,313.84,297.57,300.24,-8.85,-0.0286,300139104,59.0031988655473
2020-03-02 00:00:00,298.21,309.16,294.46,309.09,12.83,+4.33%,238703600,61.2151874016806
2020-02-28 00:00:00,293.45,297.892,285.54,296.26,-1.25,-0.0042,385764000,56.4592505592664
2020-02-27 00:00:00,305.46,311.5637,297.51,297.51,-13.99,-0.0449,284353408,56.8113091732287
2020-02-26 00:00:00,314.18,318.11,310.7,311.5,-1.15,-0.0037,194762208,60.6465631283208
2020-02-25 00:00:00,324.02,324.61,311.69,312.65,-9.77,-0.0303,218913104,60.9535153889722
2020-02-24 00:00:00,323.14,333.5623,321.24,322.42,-11.06,-0.0332,161088400,63.5543642001626
2020-02-21 00:00:00,335.47,335.81,332.58,333.48,-3.47,-0.0103,113788200,66.2916253059534
2020-02-20 00:00:00,337.74,338.64,333.6817,336.95,-1.39,-0.0041,74163296,67.1258522814061
2020-02-19 00:00:00,337.79,339.08,337.48,338.34,1.61,+0.48%,48814600,67.4731155842201
2020-02-18 00:00:00,336.51,337.6677,335.21,336.73,-0.87,-0.0026,57342500,66.5956182546545
2020-02-14 00:00:00,337.51,337.73,336.2,337.6,0.54,+0.16%,64582200,66.8465306297323
2020-02-13 00:00:00,335.86,338.12,335.56,337.06,-0.36,-0.0011,54501900,66.5125804886423
2020-02-12 00:00:00,336.83,337.65,336.43,337.42,2.16,+0.64%,43992600,66.632260870183
2020-02-11 00:00:00,336.16,337.02,334.684,335.26,0.58,+0.17%,54864500,65.1282647253329
2020-02-10 00:00:00,331.23,334.75,331.19,334.68,2.48,+0.75%,42070000,64.7059218924815
2020-02-07 00:00:00,332.82,333.9941,331.6,332.2,-1.78,-0.0053,64139400,62.8297638489116
2020-02-06 00:00:00,333.91,334.19,332.8,333.98,1.12,+0.34%,50359600,63.6445578560779
2020-02-05 00:00:00,332.27,333.09,330.67,332.86,3.8,+1.15%,65951100,62.7130360288401
2020-02-04 00:00:00,328.07,330.01,327.72,329.06,4.94,+1.52%,62573100,59.5294687933733
2020-02-03 00:00:00,323.35,326.16,323.22,324.12,2.39,+0.74%,69242200,55.5794557841875
2020-01-31 00:00:00,327,327.17,320.73,321.73,-5.95,-0.0182,113845504,53.7221825399312
2020-01-30 00:00:00,324.36,327.91,323.54,327.68,1.06,+0.32%,75491800,57.527356795841
2020-01-29 00:00:00,328.38,328.63,326.4,326.62,-0.27,-0.0008,54040800,56.6339441969354
2020-01-28 00:00:00,325.06,327.85,323.6038,326.89,3.39,+1.05%,63833900,56.8179044291541
2020-01-27 00:00:00,323.03,325.12,322.66,323.5,-5.27,-0.016,84062400,53.735726091549
2020-01-24 00:00:00,332.44,332.53,327.36,328.77,-2.95,-0.0089,87578400,57.5875100649946
2020-01-23 00:00:00,330.63,332.1682,329.41,331.72,0.38,+0.11%,51962900,59.6144383470631
2020-01-22 00:00:00,332.24,332.95,331.17,331.34,0.04,+0.01%,48914800,59.2218181709934
2020-01-21 00:00:00,330.9,332.18,330.82,331.3,-0.65,-0.002,77742400,59.1776367324371
2020-01-17 00:00:00,331.7,332.18,330.8539,331.95,1.03,+0.31%,95846000,59.703727929259
2020-01-16 00:00:00,329.7,330.92,329.45,330.92,2.73,+0.83%,54050300,58.4189583291684
2020-01-15 00:00:00,327.35,329.02,327.26,328.19,0.74,+0.23%,72056496,55.0383173167269
2020-01-14 00:00:00,327.47,328.62,326.844,327.45,-0.5,-0.0015,63036300,54.124016679779
2020-01-13 00:00:00,326.39,327.96,325.92,327.95,2.24,+0.69%,47262000,54.6719327570802
2020-01-10 00:00:00,327.29,327.46,325.2,325.71,-0.94,-0.0029,53057300,51.6932438957861
2020-01-09 00:00:00,326.16,326.73,325.52,326.65,2.2,+0.68%,48569600,52.8540759320838
2020-01-08 00:00:00,323.24,325.78,322.67,324.45,1.72,+0.53%,68434096,49.8356459059348
2020-01-07 00:00:00,323.02,323.54,322.24,322.73,-0.91,-0.0028,42799700,47.5493237632779
2020-01-06 00:00:00,320.49,323.73,320.36,323.64,1.23,+0.38%,55761900,48.8854260432552
2020-01-03 00:00:00,321.16,323.64,321.1,322.41,-2.46,-0.0076,77783104,47.1375756439334
2020-01-02 00:00:00,323.54,324.89,322.53,324.87,3.01,+0.94%,59253800,50.9173634218584
2019-12-31 00:00:00,320.53,322.13,320.15,321.86,0.78,+0.24%,57107000,46.5330837880195
2019-12-30 00:00:00,322.95,323.1,320.55,321.08,-1.78,-0.0055,49782700,45.4411545705512
2019-12-27 00:00:00,323.74,323.8,322.28,322.86,-0.08,-0.0002,42554800,48.4159569067294
2019-12-26 00:00:00,321.65,322.95,321.64,322.94,1.71,+0.53%,31024100,48.5517314573765
2019-12-24 00:00:00,321.47,321.52,320.9,321.23,0.01,0,20270000,45.7780830696054
2019-12-23 00:00:00,321.59,321.65,321.06,321.22,0.49,+0.15%,53015600,45.7616190210978
2019-12-20 00:00:00,320.46,321.9742,319.3873,320.73,-0.17,-0.0005,149338208,44.9093117433968
2019-12-19 00:00:00,319.8,320.98,319.5246,320.9,1.31,+0.41%,85388400,45.2900257463431
2019-12-18 00:00:00,320,320.25,319.53,319.59,0.02,+0.01%,48199900,42.8335537471237
2019-12-17 00:00:00,319.92,320.25,319.48,319.57,0.07,+0.02%,61131700,42.7953901217846
2019-12-16 00:00:00,319.22,320.15,317.2542,319.5,2.18,+0.69%,82836096,42.6521518112645
2019-12-13 00:00:00,316.87,318.67,316.02,317.32,0.19,+0.06%,81546400,38.3474611043679
2019-12-12 00:00:00,314.43,317.99,314.17,317.13,2.71,+0.86%,96585800,37.9876084175052
2019-12-11 00:00:00,314.03,314.7,313.4393,314.42,0.89,+0.28%,53521400,33.2018498199562
2019-12-10 00:00:00,313.82,314.55,312.81,313.53,-0.35,-0.0011,53107100,31.7855850742235
2019-12-09 00:00:00,314.44,315.18,313.8,313.88,-0.99,-0.0031,34904300,32.9960310573306
2019-12-06 00:00:00,314.12,315.31,314.11,314.87,2.85,+0.91%,48956700,36.4320781125112
2019-12-05 00:00:00,312.23,312.25,310.58,312.02,0.56,+0.18%,40781600,31.4345011048794
2019-12-04 00:00:00,310.7,312.12,310.32,311.46,1.91,+0.62%,49190400,30.5477879171315
2019-12-03 00:00:00,308.77,309.64,307.13,309.55,-2.09,-0.0067,75172704,27.6798463761769
2019-12-02 00:00:00,314.59,314.66,311.17,311.64,-2.67,-0.0085,76110000,34.8838936469461
2019-11-29 00:00:00,314.86,315.13,314.06,314.31,-1.17,-0.0037,36592700,42.7322226476771
2019-11-27 00:00:00,314.61,315.48,314.37,315.48,1.4,+0.45%,44793100,45.8142275763709
2019-11-26 00:00:00,313.41,314.28,313.06,314.08,0.71,+0.23%,37727900,42.8430395696072
2019-11-25 00:00:00,311.98,313.37,311.98,313.37,2.41,+0.78%,48762600,41.3774626521451
2019-11-22 00:00:00,311.09,311.24,309.85,310.96,0.69,+0.22%,44850200,36.7784449501402
2019-11-21 00:00:00,310.89,311.01,309.39,310.27,-0.5,-0.0016,54664600,35.5597997995009
2019-11-20 00:00:00,311.28,311.85,309.06,310.77,-1.16,-0.0037,79696200,37.1840737050964
2019-11-19 00:00:00,312.68,312.69,311.22,311.93,-0.09,-0.0003,67927800,40.9056023392453
2019-11-18 00:00:00,311.53,312.28,311.03,312.02,0.23,+0.07%,49327900,41.1966891843306
2019-11-15 00:00:00,311.02,311.84,310.26,311.79,2.24,+0.72%,62706100,40.6456777035415
2019-11-14 00:00:00,308.79,309.64,308.09,309.55,0.45,+0.15%,52001800,35.645273112613
2019-11-13 00:00:00,307.91,309.54,307.66,309.1,0.1,+0.03%,54385500,34.7211412454513
2019-11-12 00:00:00,308.75,309.99,308.15,309,0.65,+0.21%,46444000,34.5070435848789
2019-11-11 00:00:00,307.42,308.54,307.27,308.35,-0.59,-0.0019,35934900,33.0792304654085
2019-11-08 00:00:00,307.8,309.0036,307.03,308.94,0.76,+0.25%,49068800,35.6807548042015
2019-11-07 00:00:00,308.57,309.65,307.66,308.18,1.08,+0.35%,54272200,33.8550255402893
2019-11-06 00:00:00,307.03,307.4,306.06,307.1,0.07,+0.02%,46487100,31.3964805609452
2019-11-05 00:00:00,307.59,307.9195,306.71,307.03,-0.34,-0.0011,42933200,31.2381374722784
2019-11-04 00:00:00,307.85,308,306.96,307.37,1.23,+0.40%,60606900,33.0054889465127
2019-11-01 00:00:00,304.92,306.19,304.74,306.14,2.81,+0.93%,71141504,30.0013062727251
2019-10-31 00:00:00,304.13,304.13,301.73,303.33,-0.81,-0.0027,69053696,24.5121307031989
2019-10-30 00:00:00,303.43,304.55,301.99,304.14,0.93,+0.31%,49643900,28.5692303019668
2019-10-29 00:00:00,303,304.23,302.86,303.21,-0.09,-0.0003,44284900,26.7889945095499
2019-10-28 00:00:00,302.94,303.85,302.91,303.3,1.7,+0.56%,42146900,27.2613710741243
2019-10-25 00:00:00,299.74,302.2,299.6806,301.6,1.23,+0.41%,45205400,24.0984253935371
2019-10-24 00:00:00,300.91,301.07,299.4601,300.37,0.49,+0.16%,35857400,22.1004673231403
2019-10-23 00:00:00,298.73,299.94,298.495,299.88,0.87,+0.29%,34991800,21.3413730538148
2019-10-22 00:00:00,300.58,300.9,298.91,299.01,-0.98,-0.0033,49126000,20.0261495348826
2019-10-21 00:00:00,299.42,300.21,298.935,299.99,2.02,+0.68%,39460900,25.5891009519323
2019-10-18 00:00:00,298.69,299.395,296.99,297.97,-1.31,-0.0044,64338000,22.1664447278659
2019-10-17 00:00:00,299.68,300.24,298.515,299.28,0.88,+0.29%,46784800,28.816037112313
2019-10-16 00:00:00,298.37,299.16,297.92,298.4,-0.48,-0.0016,50563500,27.1387258270969
2019-10-15 00:00:00,297.1,299.7,296.97,298.88,2.93,+0.99%,47832300,29.5476232748418
2019-10-14 00:00:00,295.93,296.67,295.57,295.95,-0.33,-0.0011,40546600,24.2723551920593
2019-10-11 00:00:00,296.27,298.74,296.1448,296.28,3.04,+1.04%,101228496,25.8774595731434
2019-10-10 00:00:00,291.18,294.21,291,293.24,1.97,+0.68%,57255900,21.3814236223326
2019-10-09 00:00:00,291.2,292.3,288.66,291.27,2.74,+0.95%,65701000,19.0692564934913
2019-10-08 00:00:00,291.11,291.85,288.49,288.53,-4.55,-0.0155,101575400,16.4110537994423
2019-10-07 00:00:00,293.47,295.26,292.77,293.08,-1.27,-0.0043,60656500,33.0906847107763
2019-10-04 00:00:00,291.14,294.63,290.82,294.35,3.93,+1.35%,66700600,36.8768803266168
2019-10-03 00:00:00,287.81,290.45,284.82,290.42,2.36,+0.82%,85906800,31.0260617912581
2019-10-02 00:00:00,291.5,291.51,286.64,288.06,-5.18,-0.0177,124523904,28.1388844138693
2019-10-01 00:00:00,297.74,298.455,293,293.24,-3.53,-0.0119,89900400,41.0956504789646
2019-09-30 00:00:00,295.97,297.55,295.92,296.77,1.37,+0.46%,52562700,47.9791562883037
2019-09-27 00:00:00,297.83,297.9465,293.69,295.4,-1.6,-0.0054,84781104,45.7448874550333
2019-09-26 00:00:00,297.63,297.86,295.45,297,-0.62,-0.0021,58722300,48.7467338527109
2019-09-25 00:00:00,295.96,298.11,294.33,297.62,1.75,+0.59%,73434000,49.9034114911189
2019-09-24 00:00:00,299.41,299.84,294.81,295.87,-2.34,-0.0078,97367504,46.6998206142971
2019-09-23 00:00:00,297.55,299,297.27,298.21,-0.07,-0.0002,47541300,51.210059956141
2019-09-20 00:00:00,300.36,300.67,297.41,298.28,-2.8,-0.0093,97455904,51.3427033911654
2019-09-19 00:00:00,301.53,302.63,300.7103,301.08,-0.02,-0.0001,78099200,56.4436589530453
2019-09-18 00:00:00,300.49,301.22,298.24,301.1,0.18,+0.06%,74192000,56.4787552680812
2019-09-17 00:00:00,299.94,301.02,299.75,300.92,0.76,+0.25%,42904400,56.0410881870003
2019-09-16 00:00:00,299.84,301.1378,299.45,300.16,-0.93,-0.0031,58191100,54.1336441703316
2019-09-13 00:00:00,301.78,302.17,300.68,301.09,-0.2,-0.0007,62104800,56.1026091332425
2019-09-12 00:00:00,301.25,302.46,300.41,301.29,1.04,+0.35%,72908704,56.5347424391187
2019-09-11 00:00:00,298.47,300.34,297.75,300.25,2.12,+0.71%,68821000,53.5809661522357
2019-09-10 00:00:00,297.36,298.2,295.97,298.13,-0.07,-0.0002,57947100,48.0677709481847
2019-09-09 00:00:00,299.14,299.24,297.16,298.2,0.15,+0.05%,51260200,48.2570883585239
2019-09-06 00:00:00,298.17,298.76,297.42,298.05,0.23,+0.08%,49584200,47.8545063758037
2019-09-05 00:00:00,296.79,298.83,294.001,297.82,3.78,+1.29%,83356704,47.2042338088269
2019-09-04 00:00:00,293.14,294.055,292.31,294.04,3.3,+1.14%,47003900,38.0524820905157
2019-09-03 00:00:00,290.57,291.58,289.27,290.74,-1.71,-0.0058,69231800,32.1857788226469
2019-08-30 00:00:00,294.22,294.2399,291.42,292.45,-0.13,-0.0004,62961700,37.5580103270482
2019-08-29 00:00:00,291.72,293.16,290.61,292.58,3.69,+1.28%,57998900,37.9603889800182
2019-08-28 00:00:00,286.14,289.07,285.25,288.89,2.02,+0.70%,59852300,31.7134244904708
2019-08-27 00:00:00,289.54,289.95,286.03,286.87,-1.13,-0.0039,68263000,28.9087799119333
2019-08-26 00:00:00,287.27,288,285.58,288,3.15,+1.11%,72620496,32.5047782149586
2019-08-23 00:00:00,290.92,292.76,283.47,284.85,-7.51,-0.0257,149318096,28.2195805617676
2019-08-22 00:00:00,293.23,293.93,290.4,292.36,-0.09,-0.0003,51739200,46.3718376354868
2019-08-21 00:00:00,292.48,292.86,291.72,292.45,2.36,+0.81%,49723400,46.5462951612156
2019-08-20 00:00:00,291.77,292.36,289.95,290.09,-2.24,-0.0077,51652700,42.6300752652857
2019-08-19 00:00:00,292.19,293.08,291.44,292.33,3.48,+1.20%,53640100,47.1732220794814
2019-08-16 00:00:00,286.48,289.33,284.7138,288.85,4.2,+1.48%,85825200,41.6543675670703
2019-08-15 00:00:00,284.88,285.64,282.39,284.65,0.75,+0.26%,101929800,36.1564973247273
2019-08-14 00:00:00,288.74,292.4644,283.76,283.9,-8.65,-0.0296,135622000,35.2614806197511
2019-08-13 00:00:00,287.74,294.15,287.36,292.55,4.48,+1.56%,94792896,50.485161835483
2019-08-12 00:00:00,289.96,291.61,287.02,288.07,-3.55,-0.0122,65185700,44.6312931162026
2019-08-09 00:00:00,292.58,293.24,289.65,291.62,-2,-0.0068,93729904,49.6167025976423
2019-08-08 00:00:00,289.62,293.62,289.01,293.62,5.65,+1.96%,87713904,52.2265173551829
2019-08-07 00:00:00,284.4,288.82,282.04,287.97,0.17,+0.06%,140572192,45.1166276894622
2019-08-06 00:00:00,285.91,288.04,284.28,287.8,3.98,+1.40%,120711600,44.9184831838965
2019-08-05 00:00:00,288.09,288.21,281.72,283.82,-8.8,-0.0301,178745408,40.4405158170551
2019-08-02 00:00:00,293.85,294.12,290.9,292.62,-2.22,-0.0075,116749696,51.8663713449692
2019-08-01 00:00:00,297.6,300.87,293.96,294.84,-2.59,-0.0087,142646496,54.2507580340383
2019-07-31 00:00:00,300.99,301.2,295.2,297.43,-3.29,-0.0109,104245104,56.931292509207
2019-07-30 00:00:00,299.91,301.17,299.49,300.72,-0.74,-0.0025,45849000,60.1272057676561
2019-07-29 00:00:00,301.88,301.93,300.85,301.46,-0.55,-0.0018,38126400,60.8312395166852
2019-07-26 00:00:00,300.76,302.23,300.62,302.01,2.01,+0.67%,45084000,61.3770946510876
2019-07-25 00:00:00,300.94,301,299.11,300,-1.44,-0.0048,55394000,58.1857600957906
2019-07-24 00:00:00,299.19,301.44,299.09,301.44,1.41,+0.47%,47213200,59.7984823341052
2019-07-23 00:00:00,299.14,300.03,298.22,300.03,2.13,+0.72%,44657900,57.4615093008075
2019-07-22 00:00:00,297.61,298.5,297.04,297.9,0.73,+0.25%,43687400,54.0265919928526
2019-07-19 00:00:00,300.04,300.07,296.96,297.17,-1.66,-0.0056,71081200,52.8603275180342
2019-07-18 00:00:00,297.19,299.25,296.7,298.83,1.09,+0.37%,51701600,55.2271936843584
2019-07-17 00:00:00,299.75,299.93,297.74,297.74,-1.97,-0.0066,44102400,53.3335817381663
2019-07-16 00:00:00,300.65,300.88,299.44,299.71,-1.04,-0.0035,40567900,56.2530905980462
2019-07-15 00:00:00,301.13,301.13,300.19,300.75,0.1,+0.03%,33910200,57.7556303107804
2019-07-12 00:00:00,299.85,300.73,299.51,300.65,1.34,+0.45%,40354400,57.5509470150544
2019-07-11 00:00:00,299.32,299.58,298.2,299.31,0.7,+0.23%,50889400,54.7508785685682
2019-07-10 00:00:00,298.37,299.66,297.78,298.61,1.42,+0.48%,58595500,53.2922060641651
2019-07-09 00:00:00,295.54,297.52,295.48,297.19,0.37,+0.12%,41101200,50.3610657795968
2019-07-08 00:00:00,297.01,298.2579,296.22,296.82,-1.64,-0.0055,45841700,49.5956202433533
2019-07-05 00:00:00,297.44,298.64,296.01,298.46,-0.34,-0.0011,51677300,53.0051644370754
2019-07-03 00:00:00,297.18,298.82,297.02,298.8,2.37,+0.80%,40898800,53.7043429190563
2019-07-02 00:00:00,295.43,296.49,294.68,296.43,0.77,+0.26%,61504500,48.3089885269802
2019-07-01 00:00:00,296.68,296.92,294.33,295.66,2.66,+0.91%,79107400,46.6685427797517
2019-06-28 00:00:00,292.58,293.55,292.01,293,1.5,+0.51%,59350900,41.4341323648229
2019-06-27 00:00:00,291.31,292.06,290.89,291.5,1.03,+0.35%,40355200,38.7918551122765
2019-06-26 00:00:00,291.75,292.31,290.345,290.47,-0.29,-0.001,51584900,37.0449097316165
2019-06-25 00:00:00,293.7,293.73,290.64,290.76,-2.88,-0.0098,82028600,37.8929666841406
2019-06-24 00:00:00,294.23,294.58,293.47,293.64,-0.36,-0.0012,47582700,45.7139535276592
2019-06-21 00:00:00,294.13,295.52,293.76,294,-1.86,-0.0063,83309400,46.6188592148443
2019-06-20 00:00:00,296.04,296.3093,293.1255,295.86,2.8,+0.96%,116570000,51.1496872478464
2019-06-19 00:00:00,292.55,293.65,291.47,293.06,0.66,+0.23%,78674304,44.9627919114707
2019-06-18 00:00:00,291.39,293.57,290.99,292.4,3.03,+1.05%,85434800,43.6233634541043
2019-06-17 00:00:00,289.52,290.22,289.18,289.37,0.11,+0.04%,39205700,38.0232271048638
2019-06-14 00:00:00,289.26,289.93,288.41,289.26,-0.32,-0.0011,52324700,37.8333428695991
2019-06-13 00:00:00,289.4,289.98,288.62,289.58,1.19,+0.41%,48945100,38.7909721027037
2019-06-12 00:00:00,288.64,289.26,287.815,288.39,-0.51,-0.0018,47096300,36.5369711806025
2019-06-11 00:00:00,290.99,291.4,288.1805,288.9,-0.07,-0.0002,58641300,38.1944901883081
2019-06-10 00:00:00,289.37,290.82,288.8734,288.97,1.32,+0.46%,60799000,38.4321764448844
2019-06-07 00:00:00,285.93,288.85,285.74,287.65,2.85,+1.00%,74272200,35.6481435032672
2019-06-06 00:00:00,283.29,285.55,282.57,284.8,1.84,+0.65%,69430304,30.5092812285551
2019-06-05 00:00:00,282.33,282.99,280.32,282.96,2.43,+0.87%,71169696,27.72997043565
2019-06-04 00:00:00,277.12,280.68,276.62,280.53,5.96,+2.17%,77231800,24.5493083463277
2019-06-03 00:00:00,275.31,276.5521,273.09,274.57,-0.7,-0.0025,96427904,18.8411077285754
2019-05-31 00:00:00,276.2,277.12,275.24,275.27,-3.76,-0.0135,86862704,21.1598053625129
2019-05-30 00:00:00,279.11,280.04,277.805,279.03,0.76,+0.27%,62523700,32.3414388776601
2019-05-29 00:00:00,278.91,279.36,276.71,278.27,-1.88,-0.0067,104947104,31.37288787686
2019-05-28 00:00:00,283.09,284.15,280.13,280.15,-2.63,-0.0093,66541900,36.4434100298772
2019-05-24 00:00:00,283.74,284.2,282.09,282.78,0.64,+0.23%,55268000,42.8093768652245
2019-05-23 00:00:00,283.16,283.21,280.57,282.14,-3.49,-0.0122,97135104,41.7144153531578
2019-05-22 00:00:00,285.45,286.69,285.1,285.63,-0.88,-0.0031,49482400,49.3260028905487
2019-05-21 00:00:00,285.83,286.93,285.55,286.51,2.56,+0.90%,46847000,51.0614335327366
2019-05-20 00:00:00,284.06,285.43,283.12,283.95,-1.89,-0.0066,62877600,46.1138261016374
2019-05-17 00:00:00,285.14,288.6,285.1207,285.84,-1.86,-0.0065,100353000,49.9682085553915
2019-05-16 00:00:00,285.84,289.21,285.76,287.7,2.64,+0.93%,76749600,53.4937407806282
2019-05-15 00:00:00,281.59,285.77,281.36,285.06,1.66,+0.59%,73956400,48.2922077417132
2019-05-14 00:00:00,281.99,285.1,281.85,283.4,2.54,+0.90%,77003200,45.3088825952227
2019-05-13 00:00:00,282.42,283.49,279.93,280.86,-7.24,-0.0251,127290496,41.1227236705214
2019-05-10 00:00:00,285.62,288.94,282.3,288.1,1.44,+0.50%,112429296,54.1314996408004
2019-05-09 00:00:00,285.23,287.33,283.3,286.66,-0.87,-0.003,103471104,51.685448021467
2019-05-08 00:00:00,287.53,289.43,286.87,287.53,-0.4,-0.0014,91568200,53.065357250776
2019-05-07 00:00:00,290.15,290.81,285.81,287.93,-4.89,-0.0167,144729904,53.7198320240724
2019-05-06 00:00:00,289.25,293.31,288.9,292.82,-1.21,-0.0041,107198000,60.8982555638293
2019-05-03 00:00:00,292.82,294.34,291.2998,294.03,2.85,+0.98%,56543600,62.4502919942259
2019-05-02 00:00:00,291.68,292.7,289.52,291.18,-0.63,-0.0022,65030100,56.7378377761255
2019-05-01 00:00:00,294.72,294.95,291.8,291.81,-2.21,-0.0075,71671800,57.6598174739119
2019-04-30 00:00:00,293.49,294.34,291.92,294.02,0.15,+0.05%,81111696,60.8146295922637
2019-04-29 00:00:00,293.51,294.45,293.41,293.87,0.46,+0.16%,57197700,60.4852068233761
2019-04-26 00:00:00,292.1,293.49,291.2401,293.41,1.36,+0.47%,50916400,59.4221772089395
2019-04-25 00:00:00,292.12,292.78,290.73,292.05,-0.18,-0.0006,57770800,56.2732408670475
2019-04-24 00:00:00,292.79,293.16,292.07,292.23,-0.65,-0.0022,50392900,56.6010438377292
2019-04-23 00:00:00,290.68,293.14,290.42,292.88,2.61,+0.90%,52246600,57.8304354510518
2019-04-22 00:00:00,289.17,290.435,289.07,290.27,0.25,+0.09%,40160100,51.5194909692032
2019-04-18 00:00:00,290.1,290.32,288.66,290.02,0.57,+0.20%,68708496,50.9459927008186
2019-04-17 00:00:00,291.4,291.425,288.99,289.45,-0.71,-0.0024,58268200,49.5905565628831
2019-04-16 00:00:00,290.95,291.01,289.5,290.16,0.19,+0.07%,52153100,51.3276358793218
2019-04-15 00:00:00,290.24,290.35,289.075,289.97,-0.19,-0.0007,49596600,50.8229196235618
2019-04-12 00:00:00,290,290.47,288.261,290.16,1.95,+0.68%,69727696,51.3382296814241
2019-04-11 00:00:00,288.83,288.84,287.578,288.21,-0.08,-0.0003,55093100,46.0095506307519
2019-04-10 00:00:00,287.77,288.3899,287.31,288.29,0.98,+0.34%,52601500,46.2560118679239
2019-04-09 00:00:00,287.72,288.08,286.7,287.31,-1.48,-0.0051,66142300,43.6286252558708
2019-04-08 00:00:00,288.1,288.91,287.37,288.79,0.22,+0.08%,53566300,48.3958009856621
2019-04-05 00:00:00,287.92,288.63,287.6,288.57,1.39,+0.48%,58621700,47.7493793042713
2019-04-04 00:00:00,286.78,287.459,286.01,287.18,0.76,+0.27%,48997500,43.7712912356042
2019-04-03 00:00:00,287.32,287.76,285.75,286.42,0.45,+0.16%,68243200,41.7244652689921
2019-04-02 00:00:00,286.04,286.23,285.09,285.97,0.14,+0.05%,40070300,40.5163578192128
2019-04-01 00:00:00,284.7,286.16,284.4,285.83,3.35,+1.19%,77617904,40.1270863141445
2019-03-29 00:00:00,282.39,282.84,281.14,282.48,1.77,+0.63%,82186800,32.1638192061835
2019-03-28 00:00:00,280.35,281.21,279.07,280.71,1.06,+0.38%,56238500,28.9004149322936
2019-03-27 00:00:00,281.11,281.76,277.93,279.65,-1.47,-0.0052,72224704,27.1254203763904
2019-03-26 00:00:00,280.99,282.18,279.56,281.12,2.08,+0.75%,68125904,33.248244592431
2019-03-25 00:00:00,278.87,280.1853,277.64,279.04,-0.21,-0.0008,85575104,29.4746513245244
2019-03-22 00:00:00,283.22,283.8034,279.18,279.25,-5.48,-0.0192,122659200,30.3343489181319
2019-03-21 00:00:00,280.64,285.18,280.59,284.73,3.18,+1.13%,79550304,48.110139324016
2019-03-20 00:00:00,282.16,283.5,280.32,281.55,-0.85,-0.003,84609200,41.4937092773544
2019-03-19 00:00:00,283.51,284.36,281.41,282.4,0.07,+0.02%,90268096,43.7216565340386
2019-03-18 00:00:00,281.55,282.66,281.3,282.33,1.02,+0.36%,62199800,43.5744935834883
2019-03-15 00:00:00,280.54,282.21,280.33,281.31,0.15,+0.05%,81308896,41.3884067809668
2019-03-14 00:00:00,281.37,281.84,280.6662,281.16,-0.18,-0.0006,67518304,41.06215524485
2019-03-13 00:00:00,280.48,282.38,280.3,281.34,1.85,+0.66%,80639104,41.6564916411859
2019-03-12 00:00:00,279.06,280.07,278.85,279.49,1.05,+0.38%,79667504,37.4738531184121
2019-03-11 00:00:00,275.26,278.62,275.23,278.44,3.98,+1.45%,65098800,35.3069941665346
2019-03-08 00:00:00,272.94,274.65,272.42,274.46,-0.55,-0.002,85795800,28.5646658478946
2019-03-07 00:00:00,276.83,276.99,274.07,275.01,-2.32,-0.0084,94885000,30.5387074994784
2019-03-06 00:00:00,279.15,279.16,276.97,277.33,-1.69,-0.0061,75039696,38.2857932202108
2019-03-05 00:00:00,279.54,279.76,278.41,279.02,-0.38,-0.0014,59114500,43.2509976622568
2019-03-04 00:00:00,281.6,281.87,276.84,279.4,-1.02,-0.0036,106494600,44.3354543904964
2019-03-01 00:00:00,280.44,280.88,278.82,280.42,1.74,+0.62%,78880496,47.2494077432306
2019-02-28 00:00:00,278.96,279.45,278.32,278.68,-0.52,-0.0019,69268200,43.1041044340982
2019-02-27 00:00:00,278.52,279.59,277.48,279.2,-0.12,-0.0004,56921500,44.6664855374939
2019-02-26 00:00:00,279.11,280.3,278.9,279.32,-0.2,-0.0007,56844100,45.0415475852665
2019-02-25 00:00:00,280.73,281.31,279.43,279.52,0.38,+0.14%,69030704,45.7021361368379
2019-02-22 00:00:00,278.11,279.36,277.4,279.14,1.72,+0.62%,78114600,44.60510390519
2019-02-21 00:00:00,277.7,278.1,276.345,277.42,-0.99,-0.0036,64214700,39.932693075735
2019-02-20 00:00:00,277.81,278.92,277.25,278.41,0.56,+0.20%,76610704,43.5950852291445
2019-02-19 00:00:00,276.48,278.58,276.47,277.85,0.48,+0.17%,59120800,42.033867236632
2019-02-15 00:00:00,276.36,277.41,276.13,277.37,2.99,+1.09%,97088600,40.6888155956795
2019-02-14 00:00:00,273.78,275.64,272.87,274.38,-0.61,-0.0022,83234304,33.4980685467594
2019-02-13 00:00:00,275.03,275.93,274.56,274.99,0.89,+0.32%,65277200,35.9836786617777
2019-02-12 00:00:00,272.42,274.52,272.34,274.1,3.48,+1.29%,72270200,33.9876588222049
2019-02-11 00:00:00,271.2,271.49,270.03,270.62,0.15,+0.06%,68021400,27.5520801026012
2019-02-08 00:00:00,268.75,270.58,267.83,270.47,0.33,+0.12%,75788800,27.3120217042022
2019-02-07 00:00:00,270.94,271.55,268.29,270.14,-2.6,-0.0095,95481904,26.7596264700311
2019-02-06 00:00:00,272.79,273.34,271.92,272.74,-0.36,-0.0013,58347700,37.4873605984668
2019-02-05 00:00:00,272.44,273.44,271.88,273.1,1.14,+0.42%,79552704,38.8235124732629
2019-02-04 00:00:00,270.11,272.03,269.36,271.96,1.9,+0.70%,60744800,36.1858806738922
2019-02-01 00:00:00,270.15,271.2,269.18,270.06,0.13,+0.05%,85782496,32.2529021306321
2019-01-31 00:00:00,267.51,270.47,267.27,269.93,2.35,+0.88%,104012000,31.996653576052
2019-01-30 00:00:00,265.1,268.52,264.25,267.58,4.17,+1.58%,92473600,27.7106841629134
2019-01-29 00:00:00,263.92,264.55,262.48,263.41,-0.35,-0.0013,66136300,22.0630875145704
2019-01-28 00:00:00,263.39,263.83,261.79,263.76,-2.02,-0.0076,85613600,23.4728585624228
2019-01-25 00:00:00,265.61,266.7,263.66,265.78,2.23,+0.85%,96883296,31.207088655379
2019-01-24 00:00:00,263.21,264.2,262.08,263.55,0.14,+0.05%,59204100,27.8596307118068
2019-01-23 00:00:00,264.01,264.79,260.66,263.41,0.55,+0.21%,86030200,27.6590418279889
2019-01-22 00:00:00,264.82,265.06,261.06,262.86,-3.6,-0.0135,115531104,26.8414129588304
2019-01-18 00:00:00,264.98,266.98,263,266.46,3.5,+1.33%,127900304,39.4570012891972
2019-01-17 00:00:00,260.01,263.92,259.96,262.96,1.98,+0.76%,96118400,33.4226180019429
2019-01-16 00:00:00,260.83,261.97,260.6,260.98,0.63,+0.24%,77636704,30.5739478469564
2019-01-15 00:00:00,257.82,260.7,257.81,260.35,2.95,+1.15%,85208200,29.7063644200539
2019-01-14 00:00:00,256.86,258.3,256.41,257.4,-1.58,-0.0061,70908200,25.9876495656963
2019-01-11 00:00:00,257.68,259.01,257.03,258.98,0.1,+0.04%,73858096,30.9717843223211
2019-01-10 00:00:00,256.26,259.16,255.5,258.88,0.91,+0.35%,96823904,30.830273208534
2019-01-09 00:00:00,257.56,258.91,256.19,257.97,1.2,+0.47%,95006496,29.5089642929319
2019-01-08 00:00:00,256.82,257.31,254,256.77,2.39,+0.94%,102512496,27.8160058478092
2019-01-07 00:00:00,252.69,255.95,251.69,254.38,1.99,+0.79%,103139104,24.7681948918192
2019-01-04 00:00:00,247.59,253.11,247.17,252.39,8.18,+3.35%,142628800,22.5524170740455
2019-01-03 00:00:00,248.23,248.57,243.67,244.21,-5.97,-0.0239,144140608,16.1547988572367
2019-01-02 00:00:00,245.98,251.21,245.95,250.18,0.26,+0.10%,126925200,31.4408802814542
2018-12-31 00:00:00,249.56,250.19,247.47,249.92,2.17,+0.88%,144299296,31.1743180472798
2018-12-28 00:00:00,249.58,251.4,246.45,247.75,-0.32,-0.0013,153100096,28.9669357837163
2018-12-27 00:00:00,242.57,248.29,238.96,248.07,1.89,+0.77%,186267296,29.7568132434968
2018-12-26 00:00:00,235.97,246.18,233.76,246.18,11.84,+5.05%,218485296,27.7911792431503
2018-12-24 00:00:00,239.04,240.835,234.27,234.34,-6.36,-0.0264,147311504,19.2240447241569
2018-12-21 00:00:00,246.74,249.71,239.98,240.7,-6.47,-0.0262,255345600,31.4486470004192
2018-12-20 00:00:00,249.86,251.62,244.65,247.17,-4.09,-0.0163,252053296,41.1980151419312
2018-12-19 00:00:00,255.17,259.4,249.35,251.26,-3.82,-0.015,214992704,46.3886545135603
2018-12-18 00:00:00,257.2,257.95,253.28,255.08,-0.28,-0.0011,134515104,50.760522549062
2018-12-17 00:00:00,259.4,260.65,253.525,255.36,-5.11,-0.0196,165492192,51.0754543310686
2018-12-14 00:00:00,262.96,264.03,259.85,260.47,-4.9,-0.0185,116961000,56.538728941935
2018-12-13 00:00:00,266.52,267.49,264.12,265.37,-0.09,-0.0003,96662704,61.0322930620759
2018-12-12 00:00:00,267.47,269,265.37,265.46,1.33,+0.50%,97976704,61.1118242013749
2018-12-11 00:00:00,267.66,267.87,262.48,264.13,0.06,+0.02%,121504400,59.1893104759561
2018-12-10 00:00:00,263.37,265.16,258.62,264.07,0.5,+0.19%,151445792,59.0989853618417
2018-12-07 00:00:00,269.46,271.22,262.63,263.57,-6.27,-0.0232,161018896,58.3005471630159
2018-12-06 00:00:00,265.92,269.97,262.44,269.84,-0.41,-0.0015,204185408,64.7346963807718
2018-12-04 00:00:00,278.37,278.85,269.9,270.25,-9.05,-0.0324,177986000,65.1137633077501
2018-12-03 00:00:00,280.28,280.4,277.505,279.3,3.65,+1.32%,103017696,72.2136207953876
2018-11-30 00:00:00,273.81,276.28,273.45,275.65,1.67,+0.61%,98204096,66.3487652203067
2018-11-29 00:00:00,273.71,275.55,272.43,273.98,-0.6,-0.0022,82346400,63.7958357198137
2018-11-28 00:00:00,269.6,274.58,268.33,274.58,6.18,+2.30%,127629600,64.3269231336214
2018-11-27 00:00:00,266.34,268.4,265.66,268.4,0.9,+0.34%,75502400,55.3247234488895
2018-11-26 00:00:00,265.78,267.75,265.34,267.5,4.25,+1.61%,79981296,54.1365357754088
2018-11-23 00:00:00,263.18,264.82,263.07,263.25,-1.77,-0.0067,42807800,48.8060083208022
2018-11-21 00:00:00,265.86,267.15,265.01,265.02,0.9,+0.34%,75563696,50.9712174610481
2018-11-20 00:00:00,265.36,267,263.15,264.12,-4.98,-0.0185,136021296,49.8174552148095
2018-11-19 00:00:00,273.05,273.38,268.07,269.1,-4.63,-0.0169,103061696,55.7818139414849
2018-11-16 00:00:00,271.79,274.75,271.21,273.73,0.71,+0.26%,126668000,60.4841990763364
2018-11-15 00:00:00,268.78,273.54,267.01,273.02,2.82,+1.04%,135101408,59.4402957633588
2018-11-14 00:00:00,274.16,274.61,268.45,270.2,-1.86,-0.0068,125335904,55.3538861184577
2018-11-13 00:00:00,273.09,275.325,271.25,272.06,-0.51,-0.0019,98176600,57.4325628819671
2018-11-12 00:00:00,277.19,277.46,271.99,272.57,-5.19,-0.0187,99673504,58.0098510141694
2018-11-09 00:00:00,279.03,279.24,276.18,277.76,-2.74,-0.0098,98812496,63.4431734602674
2018-11-08 00:00:00,280.11,281.22,279.22,280.5,-0.51,-0.0018,65584800,65.948273580065
2018-11-07 00:00:00,277.56,281.1,277.08,281.01,5.89,+2.14%,102752096,66.4096709918332
2018-11-06 00:00:00,273.32,275.3,273.25,275.12,1.73,+0.63%,60085800,56.8320217782022
2018-11-05 00:00:00,272.44,274.01,271.35,273.39,1.5,+0.55%,65622400,54.3525290080356
2018-11-02 00:00:00,274.75,275.23,269.59,271.89,-1.62,-0.0059,122634096,52.2249880542864
2018-11-01 00:00:00,271.6,273.73,270.38,273.51,2.88,+1.06%,99495000,54.3053182279023
2018-10-31 00:00:00,270.65,273.23,270.12,270.63,2.86,+1.07%,128296304,50.1264331929076
2018-10-30 00:00:00,263.67,268.12,263.12,267.77,3.91,+1.48%,157116000,46.3149217832183
2018-10-29 00:00:00,268.8,270.25,259.85,263.86,-1.47,-0.0055,160749104,41.6519656446844
2018-10-26 00:00:00,265.92,271,262.29,265.33,-4.75,-0.0176,201574496,43.9372490222714
2018-10-25 00:00:00,267.38,271.81,266.23,270.08,4.76,+1.79%,138061504,50.6617291399644
2018-10-24 00:00:00,273.33,273.76,264.7,265.32,-8.29,-0.0303,177806704,44.855454229002
2018-10-23 00:00:00,270.95,274.87,268.61,273.61,-1.4,-0.0051,146352704,54.6119039799065
2018-10-22 00:00:00,277,277.36,274.41,275.01,-1.24,-0.0045,82415800,56.0268346665595
2018-10-19 00:00:00,277.13,279.3,275.47,276.25,-0.15,-0.0005,139901600,57.2966298754617
2018-10-18 00:00:00,279.4,280.07,274.97,276.4,-4.05,-0.0144,134557504,57.4566710325395
2018-10-17 00:00:00,280.44,281.15,277.56,280.45,0.05,+0.02%,110625904,61.6371743078508
2018-10-16 00:00:00,276.6,280.82,276.07,280.4,6,+2.19%,118255800,61.5567527531844
2018-10-15 00:00:00,275.55,277.04,274.3,274.4,-1.55,-0.0056,102263696,52.6749730830963
2018-10-12 00:00:00,276.77,277.09,272.37,275.95,3.78,+1.39%,183186400,54.5013399974206
2018-10-11 00:00:00,277.08,278.9,270.36,272.17,-6.13,-0.022,274840512,49.485749207038
2018-10-10 00:00:00,286.83,286.91,277.88,278.3,-9.1,-0.0317,214731008,56.4802214481028
2018-10-09 00:00:00,287.39,288.86,286.77,287.4,-0.42,-0.0015,74338896,64.3678829159429
2018-10-08 00:00:00,287.05,288.22,285.5,287.82,0,0,87742096,64.6860102267453
2018-10-05 00:00:00,289.69,290.27,286.22,287.82,-1.62,-0.0056,105951696,64.6860102267453
2018-10-04 00:00:00,291.18,291.24,287.66,289.44,-2.28,-0.0078,111545904,66.0422405370287
2018-10-03 00:00:00,292.74,293.21,291.32,291.72,0.16,+0.05%,64694500,67.9101623553107
2018-10-02 00:00:00,291.56,292.355,291.14,291.56,-0.17,-0.0006,47258200,67.6290223842943
2018-10-01 00:00:00,292.11,292.93,290.98,291.73,1.01,+0.35%,62078900,67.7816400750363
